b'S NO.',b'DISTRICT',b'STATION',b'DATE(YYYY-MM-DD)',b'TIME (UTC)',b'RAIN FALL CUM. SINCE 0300 UTC (mm)',"b""TEMP. ('C)""","b""TEMP DAY MIN. ('C)""","b""TEMP DAY MAX. ('C)""",b'RH (%)',b'RH DAY MIN MAX (%)',b'WIND DIR 10 m (Deg)',b'WIND SPEED 10 m (Kt)',b'WIND SPEED MAX / GUST 10 m (Kt)',b'WIND DIR 3 m (Deg)',b'WIND SPEED 3 m (Kt)',b'WIND SPEED MAX / GUST 3 m (Kt)',b'SLP (hPa)',b'MSLP (hPa / gpm)',b'SUN SHINE (HH.MM)',"b""SOIL TEMP 10 cm ('C)""",b'SOIL MOIS 10 cm (m3 / m3)',"b""SOIL TEMP 30 cm ('C)""",b'SOIL MOIS 30 cm (m3 / m3)',"b""SOIL TEMP 70 cm ('C)""",b'SOIL MOIS 70 cm (m3 / m3)',"b""SOIL TEMP 100 cm ('C)""",b'SOIL MOIS 100 cm (m3 / m3)',b'GLOBAL RAD IATION (v / m2)',b'PAR (micro - mole / m2s)',b'BATTERY (Volts)',b'GPS'
b'2',b'KALAMPUR',b'DHAMRAAI',b'2020-09-01',b'08:00:00',b'0',b'27.1',b'',b'',b'',b'',b'265',b'3',b'',b'',b'',b'',b'1006.4',b'1007.7',b'00.00',b'',b'',b'',b'',b'',b'',b'',b'',b'',b'',b'12.6',b'L'
b'3',b'KALAMPUR',b'DHAMRAAI',b'2020-09-01',b'09:00:00',b'1',b'26.2',b'',b'',b'',b'',b'329',b'1',b'',b'',b'',b'',b'1006.3',b'1007.6',b'00.00',b'',b'',b'',b'',b'',b'',b'',b'',b'',b'',b'12.4',b'L'
b'4',b'KALAMPUR',b'DHAMRAAI',b'2020-09-01',b'10:00:00',b'1',b'26.1',b'',b'',b'',b'',b'312',b'1',b'',b'',b'',b'',b'1005.7',b'1007.0',b'00.00',b'',b'',b'',b'',b'',b'',b'',b'',b'',b'',b'12.4',b'L'
b'5',b'KALAMPUR',b'DHAMRAAI',b'2020-09-02',b'09:00:00',b'0',b'32.0',b'',b'',b'',b'',b'151',b'1',b'',b'',b'',b'',b'1007.3',b'1008.5',b'00.00',b'',b'',b'',b'',b'',b'',b'',b'',b'',b'',b'13.9',b'L'
b'6',b'KALAMPUR',b'DHAMRAAI',b'2020-09-02',b'11:00:00',b'0',b'30.3',b'',b'',b'',b'',b'232',b'2',b'',b'',b'',b'',b'1007.3',b'1008.6',b'00.00',b'',b'',b'',b'',b'',b'',b'',b'',b'',b'',b'13.7',b'L'
b'7',b'KALAMPUR',b'DHAMRAAI',b'2020-09-02',b'12:00:00',b'0',b'29.8',b'',b'',b'',b'',b'220',b'1',b'',b'',b'',b'',b'1007.5',b'1008.8',b'00.00',b'',b'',b'',b'',b'',b'',b'',b'',b'',b'',b'12.9',b'L'
b'8',b'KALAMPUR',b'DHAMRAAI',b'2020-09-02',b'13:00:00',b'0',b'29.2',b'',b'',b'',b'',b'218',b'2',b'',b'',b'',b'',b'1008.1',b'1009.4',b'00.00',b'',b'',b'',b'',b'',b'',b'',b'',b'',b'',b'12.5',b'L'
b'9',b'KALAMPUR',b'DHAMRAAI',b'2020-09-03',b'08:00:00',b'0',b'33.2',b'',b'',b'',b'',b'159',b'1',b'',b'',b'',b'',b'1009.4',b'1010.6',b'00.00',b'',b'',b'',b'',b'',b'',b'',b'',b'',b'',b'15.2',b'L'
b'10',b'KALAMPUR',b'DHAMRAAI',b'2020-09-03',b'09:00:00',b'0',b'33.9',b'',b'',b'',b'',b'196',b'1',b'',b'',b'',b'',b'1008.4',b'1009.6',b'00.00',b'',b'',b'',b'',b'',b'',b'',b'',b'',b'',b'15.2',b'L'
b'11',b'KALAMPUR',b'DHAMRAAI',b'2020-09-03',b'10:00:00',b'0',b'34.2',b'',b'',b'',b'',b'198',b'0',b'',b'',b'',b'',b'1007.4',b'1008.6',b'00.00',b'',b'',b'',b'',b'',b'',b'',b'',b'',b'',b'15.2',b'L'
b'12',b'KALAMPUR',b'DHAMRAAI',b'2020-09-03',b'11:00:00',b'0',b'34.3',b'',b'',b'',b'',b'243',b'1',b'',b'',b'',b'',b'1007.0',b'1008.2',b'00.00',b'',b'',b'',b'',b'',b'',b'',b'',b'',b'',b'14.7',b'L'
b'13',b'KALAMPUR',b'DHAMRAAI',b'2020-09-03',b'12:00:00',b'0',b'32.5',b'',b'',b'',b'',b'262',b'2',b'',b'',b'',b'',b'1007.3',b'1008.5',b'00.00',b'',b'',b'',b'',b'',b'',b'',b'',b'',b'',b'13.3',b'L'
b'14',b'KALAMPUR',b'DHAMRAAI',b'2020-09-03',b'13:00:00',b'0',b'30.7',b'',b'',b'',b'',b'277',b'0',b'',b'',b'',b'',b'1007.6',b'1008.8',b'00.00',b'',b'',b'',b'',b'',b'',b'',b'',b'',b'',b'12.9',b'L'
b'15',b'KALAMPUR',b'DHAMRAAI',b'2020-09-03',b'16:00:00',b'0',b'30.1',b'',b'',b'',b'',b'245',b'0',b'',b'',b'',b'',b'1010.1',b'1011.4',b'03.50',b'',b'',b'',b'',b'',b'',b'',b'',b'',b'',b'12.6',b'L'
b'16',b'KALAMPUR',b'DHAMRAAI',b'2020-09-04',b'07:00:00',b'0',b'33.9',b'',b'',b'',b'',b'291',b'1',b'',b'',b'',b'',b'1008.6',b'1009.8',b'00.00',b'',b'',b'',b'',b'',b'',b'',b'',b'',b'',b'14.8',b'L'
b'17',b'KALAMPUR',b'DHAMRAAI',b'2020-09-04',b'08:00:00',b'0',b'34.0',b'',b'',b'',b'',b'213',b'3',b'',b'',b'',b'',b'1007.4',b'1008.6',b'00.00',b'',b'',b'',b'',b'',b'',b'',b'',b'',b'',b'15.2',b'L'
b'18',b'KALAMPUR',b'DHAMRAAI',b'2020-09-04',b'09:00:00',b'0',b'34.4',b'',b'',b'',b'',b'262',b'2',b'',b'',b'',b'',b'1006.4',b'1007.6',b'00.00',b'',b'',b'',b'',b'',b'',b'',b'',b'',b'',b'15.2',b'L'
b'19',b'KALAMPUR',b'DHAMRAAI',b'2020-09-04',b'10:00:00',b'0',b'34.3',b'',b'',b'',b'',b'275',b'2',b'',b'',b'',b'',b'1005.5',b'1006.7',b'00.00',b'',b'',b'',b'',b'',b'',b'',b'',b'',b'',b'15.0',b'L'
b'20',b'KALAMPUR',b'DHAMRAAI',b'2020-09-04',b'11:00:00',b'0',b'34.0',b'',b'',b'',b'',b'256',b'2',b'',b'',b'',b'',b'1005.2',b'1006.4',b'00.00',b'',b'',b'',b'',b'',b'',b'',b'',b'',b'',b'14.6',b'L'
b'21',b'KALAMPUR',b'DHAMRAAI',b'2020-09-04',b'12:00:00',b'0',b'32.6',b'',b'',b'',b'',b'260',b'1',b'',b'',b'',b'',b'1005.6',b'1006.8',b'00.00',b'',b'',b'',b'',b'',b'',b'',b'',b'',b'',b'13.3',b'L'
b'22',b'KALAMPUR',b'DHAMRAAI',b'2020-09-04',b'13:00:00',b'0',b'31.6',b'',b'',b'',b'',b'256',b'1',b'',b'',b'',b'',b'1006.0',b'1007.2',b'00.00',b'',b'',b'',b'',b'',b'',b'',b'',b'',b'',b'12.9',b'L'
b'23',b'KALAMPUR',b'DHAMRAAI',b'2020-09-05',b'10:00:00',b'0',b'33.9',b'',b'',b'',b'',b'238',b'2',b'',b'',b'',b'',b'1004.3',b'1005.5',b'00.00',b'',b'',b'',b'',b'',b'',b'',b'',b'',b'',b'14.8',b'L'
b'24',b'KALAMPUR',b'DHAMRAAI',b'2020-09-05',b'11:00:00',b'0',b'33.1',b'',b'',b'',b'',b'222',b'1',b'',b'',b'',b'',b'1003.8',b'1005.0',b'00.00',b'',b'',b'',b'',b'',b'',b'',b'',b'',b'',b'14.2',b'L'
b'25',b'KALAMPUR',b'DHAMRAAI',b'2020-09-05',b'12:00:00',b'0',b'32.1',b'',b'',b'',b'',b'220',b'2',b'',b'',b'',b'',b'1003.9',b'1005.1',b'00.00',b'',b'',b'',b'',b'',b'',b'',b'',b'',b'',b'13.1',b'L'
b'26',b'KALAMPUR',b'DHAMRAAI',b'2020-09-06',b'09:00:00',b'0',b'33.6',b'',b'',b'',b'',b'218',b'4',b'',b'',b'',b'',b'1004.5',b'1005.7',b'00.00',b'',b'',b'',b'',b'',b'',b'',b'',b'',b'',b'15.1',b'L'
b'27',b'KALAMPUR',b'DHAMRAAI',b'2020-09-06',b'10:00:00',b'0',b'32.9',b'',b'',b'',b'',b'203',b'3',b'',b'',b'',b'',b'1003.7',b'1004.9',b'00.00',b'',b'',b'',b'',b'',b'',b'',b'',b'',b'',b'14.5',b'L'
b'28',b'KALAMPUR',b'DHAMRAAI',b'2020-09-06',b'11:00:00',b'0',b'32.5',b'',b'',b'',b'',b'212',b'2',b'',b'',b'',b'',b'1003.9',b'1005.1',b'00.00',b'',b'',b'',b'',b'',b'',b'',b'',b'',b'',b'13.7',b'L'
b'29',b'KALAMPUR',b'DHAMRAAI',b'2020-09-06',b'12:00:00',b'0',b'31.9',b'',b'',b'',b'',b'210',b'2',b'',b'',b'',b'',b'1004.2',b'1005.4',b'00.00',b'',b'',b'',b'',b'',b'',b'',b'',b'',b'',b'13.0',b'L'
b'30',b'KALAMPUR',b'DHAMRAAI',b'2020-09-07',b'08:00:00',b'0',b'31.9',b'',b'',b'',b'',b'196',b'2',b'',b'',b'',b'',b'1007.0',b'1008.2',b'00.00',b'',b'',b'',b'',b'',b'',b'',b'',b'',b'',b'14.2',b'L'
b'31',b'KALAMPUR',b'DHAMRAAI',b'2020-09-07',b'09:00:00',b'0',b'25.8',b'',b'',b'',b'',b'060',b'5',b'',b'',b'',b'',b'1006.5',b'1007.8',b'00.00',b'',b'',b'',b'',b'',b'',b'',b'',b'',b'',b'13.1',b'L'
b'32',b'KALAMPUR',b'DHAMRAAI',b'2020-09-08',b'06:00:00',b'0',b'28.4',b'',b'',b'',b'',b'313',b'2',b'',b'',b'',b'',b'1008.7',b'1010.0',b'00.00',b'',b'',b'',b'',b'',b'',b'',b'',b'',b'',b'13.8',b'L'
b'33',b'KALAMPUR',b'DHAMRAAI',b'2020-09-08',b'07:00:00',b'0',b'28.7',b'',b'',b'',b'',b'262',b'2',b'',b'',b'',b'',b'1008.0',b'1009.3',b'00.00',b'',b'',b'',b'',b'',b'',b'',b'',b'',b'',b'13.8',b'L'
b'34',b'KALAMPUR',b'DHAMRAAI',b'2020-09-08',b'10:00:00',b'0',b'29.6',b'',b'',b'',b'',b'251',b'1',b'',b'',b'',b'',b'1005.7',b'1007.0',b'00.00',b'',b'',b'',b'',b'',b'',b'',b'',b'',b'',b'12.7',b'L'
b'35',b'KALAMPUR',b'DHAMRAAI',b'2020-09-08',b'11:00:00',b'0',b'29.2',b'',b'',b'',b'',b'115',b'1',b'',b'',b'',b'',b'1005.5',b'1006.8',b'00.00',b'',b'',b'',b'',b'',b'',b'',b'',b'',b'',b'12.7',b'L'
b'36',b'KALAMPUR',b'DHAMRAAI',b'2020-09-09',b'09:00:00',b'0',b'33.7',b'',b'',b'',b'',b'221',b'2',b'',b'',b'',b'',b'1004.1',b'1005.3',b'00.00',b'',b'',b'',b'',b'',b'',b'',b'',b'',b'',b'15.2',b'L'
b'37',b'KALAMPUR',b'DHAMRAAI',b'2020-09-09',b'10:00:00',b'0',b'29.3',b'',b'',b'',b'',b'119',b'6',b'',b'',b'',b'',b'1003.6',b'1004.9',b'00.00',b'',b'',b'',b'',b'',b'',b'',b'',b'',b'',b'13.4',b'L'
b'38',b'KALAMPUR',b'DHAMRAAI',b'2020-09-09',b'11:00:00',b'0',b'28.5',b'',b'',b'',b'',b'031',b'1',b'',b'',b'',b'',b'1003.4',b'1004.7',b'00.00',b'',b'',b'',b'',b'',b'',b'',b'',b'',b'',b'12.7',b'L'
b'39',b'KALAMPUR',b'DHAMRAAI',b'2020-09-09',b'12:00:00',b'0',b'29.2',b'',b'',b'',b'',b'142',b'1',b'',b'',b'',b'',b'1003.6',b'1004.9',b'00.00',b'',b'',b'',b'',b'',b'',b'',b'',b'',b'',b'12.6',b'L'
b'40',b'KALAMPUR',b'DHAMRAAI',b'2020-09-09',b'13:00:00',b'0',b'29.3',b'',b'',b'',b'',b'149',b'1',b'',b'',b'',b'',b'1004.0',b'1005.3',b'00.00',b'',b'',b'',b'',b'',b'',b'',b'',b'',b'',b'12.5',b'L'
b'41',b'KALAMPUR',b'DHAMRAAI',b'2020-09-09',b'14:00:00',b'0',b'29.4',b'',b'',b'',b'',b'185',b'0',b'',b'',b'',b'',b'1005.2',b'1006.5',b'00.00',b'',b'',b'',b'',b'',b'',b'',b'',b'',b'',b'12.5',b'L'
b'42',b'KALAMPUR',b'DHAMRAAI',b'2020-09-09',b'16:00:00',b'0',b'29.7',b'',b'',b'',b'',b'235',b'2',b'',b'',b'',b'',b'1006.7',b'1008.0',b'00.00',b'',b'',b'',b'',b'',b'',b'',b'',b'',b'',b'12.5',b'L'
b'43',b'KALAMPUR',b'DHAMRAAI',b'2020-09-10',b'05:00:00',b'0',b'27.7',b'',b'',b'',b'',b'246',b'1',b'',b'',b'',b'',b'1006.1',b'1007.4',b'00.00',b'',b'',b'',b'',b'',b'',b'',b'',b'',b'',b'12.8',b'L'
b'44',b'KALAMPUR',b'DHAMRAAI',b'2020-09-10',b'06:00:00',b'0',b'26.7',b'',b'',b'',b'',b'262',b'2',b'',b'',b'',b'',b'1006.3',b'1007.6',b'00.00',b'',b'',b'',b'',b'',b'',b'',b'',b'',b'',b'12.5',b'L'
b'45',b'KALAMPUR',b'DHAMRAAI',b'2020-09-10',b'07:00:00',b'0',b'26.7',b'',b'',b'',b'',b'051',b'1',b'',b'',b'',b'',b'1004.7',b'1006.0',b'00.00',b'',b'',b'',b'',b'',b'',b'',b'',b'',b'',b'12.5',b'L'
b'46',b'KALAMPUR',b'DHAMRAAI',b'2020-09-10',b'13:00:00',b'0',b'28.8',b'',b'',b'',b'',b'191',b'2',b'',b'',b'',b'',b'1003.5',b'1004.8',b'00.00',b'',b'',b'',b'',b'',b'',b'',b'',b'',b'',b'12.6',b'L'
b'47',b'KALAMPUR',b'DHAMRAAI',b'2020-09-13',b'09:00:00',b'0',b'32.8',b'',b'',b'',b'',b'270',b'1',b'',b'',b'',b'',b'1007.2',b'1008.4',b'00.00',b'',b'',b'',b'',b'',b'',b'',b'',b'',b'',b'14.3',b'L'
b'48',b'KALAMPUR',b'DHAMRAAI',b'2020-09-13',b'10:00:00',b'0',b'30.6',b'',b'',b'',b'',b'226',b'1',b'',b'',b'',b'',b'1007.5',b'1008.7',b'00.00',b'',b'',b'',b'',b'',b'',b'',b'',b'',b'',b'13.4',b'L'
b'49',b'KALAMPUR',b'DHAMRAAI',b'2020-09-13',b'11:00:00',b'0',b'29.8',b'',b'',b'',b'',b'225',b'2',b'',b'',b'',b'',b'1007.1',b'1008.4',b'00.00',b'',b'',b'',b'',b'',b'',b'',b'',b'',b'',b'12.8',b'L'
b'50',b'KALAMPUR',b'DHAMRAAI',b'2020-09-13',b'12:00:00',b'0',b'28.9',b'',b'',b'',b'',b'186',b'1',b'',b'',b'',b'',b'1007.6',b'1008.9',b'00.00',b'',b'',b'',b'',b'',b'',b'',b'',b'',b'',b'12.6',b'L'
b'51',b'KALAMPUR',b'DHAMRAAI',b'2020-09-14',b'07:00:00',b'0',b'34.3',b'',b'',b'',b'',b'271',b'2',b'',b'',b'',b'',b'1007.4',b'1008.6',b'00.00',b'',b'',b'',b'',b'',b'',b'',b'',b'',b'',b'15.2',b'L'
b'52',b'KALAMPUR',b'DHAMRAAI',b'2020-09-14',b'09:00:00',b'0',b'27.3',b'',b'',b'',b'',b'146',b'2',b'',b'',b'',b'',b'1006.5',b'1007.8',b'00.00',b'',b'',b'',b'',b'',b'',b'',b'',b'',b'',b'12.7',b'L'
b'53',b'KALAMPUR',b'DHAMRAAI',b'2020-09-14',b'10:00:00',b'0',b'27.6',b'',b'',b'',b'',b'191',b'2',b'',b'',b'',b'',b'1005.9',b'1007.2',b'00.00',b'',b'',b'',b'',b'',b'',b'',b'',b'',b'',b'12.6',b'L'
b'54',b'KALAMPUR',b'DHAMRAAI',b'2020-09-14',b'11:00:00',b'0',b'27.9',b'',b'',b'',b'',b'188',b'2',b'',b'',b'',b'',b'1006.3',b'1007.6',b'00.00',b'',b'',b'',b'',b'',b'',b'',b'',b'',b'',b'12.6',b'L'
b'55',b'KALAMPUR',b'DHAMRAAI',b'2020-09-15',b'08:00:00',b'0',b'28.6',b'',b'',b'',b'',b'255',b'2',b'',b'',b'',b'',b'1006.7',b'1008.0',b'00.00',b'',b'',b'',b'',b'',b'',b'',b'',b'',b'',b'13.6',b'L'
b'56',b'KALAMPUR',b'DHAMRAAI',b'2020-09-15',b'10:00:00',b'0',b'28.5',b'',b'',b'',b'',b'193',b'1',b'',b'',b'',b'',b'1005.8',b'1007.1',b'00.00',b'',b'',b'',b'',b'',b'',b'',b'',b'',b'',b'13.1',b'L'
b'57',b'KALAMPUR',b'DHAMRAAI',b'2020-09-15',b'11:00:00',b'0',b'28.5',b'',b'',b'',b'',b'220',b'3',b'',b'',b'',b'',b'1005.4',b'1006.7',b'00.00',b'',b'',b'',b'',b'',b'',b'',b'',b'',b'',b'13.1',b'L'
b'58',b'KALAMPUR',b'DHAMRAAI',b'2020-09-16',b'08:00:00',b'0',b'32.6',b'',b'',b'',b'',b'234',b'3',b'',b'',b'',b'',b'1005.9',b'1007.1',b'00.00',b'',b'',b'',b'',b'',b'',b'',b'',b'',b'',b'14.5',b'L'
b'59',b'KALAMPUR',b'DHAMRAAI',b'2020-09-16',b'09:00:00',b'0',b'29.1',b'',b'',b'',b'',b'212',b'4',b'',b'',b'',b'',b'1005.4',b'1006.7',b'00.00',b'',b'',b'',b'',b'',b'',b'',b'',b'',b'',b'13.5',b'L'
b'60',b'KALAMPUR',b'DHAMRAAI',b'2020-09-16',b'10:00:00',b'0',b'30.4',b'',b'',b'',b'',b'224',b'3',b'',b'',b'',b'',b'1004.7',b'1005.9',b'00.00',b'',b'',b'',b'',b'',b'',b'',b'',b'',b'',b'13.4',b'L'
b'61',b'KALAMPUR',b'DHAMRAAI',b'2020-09-16',b'11:00:00',b'0',b'29.9',b'',b'',b'',b'',b'210',b'3',b'',b'',b'',b'',b'1004.9',b'1006.1',b'08.32',b'',b'',b'',b'',b'',b'',b'',b'',b'',b'',b'13.1',b'L'
b'62',b'KALAMPUR',b'DHAMRAAI',b'2020-09-16',b'12:00:00',b'0',b'29.3',b'',b'',b'',b'',b'226',b'3',b'',b'',b'',b'',b'1005.2',b'1006.5',b'00.00',b'',b'',b'',b'',b'',b'',b'',b'',b'',b'',b'12.6',b'L'
b'63',b'KALAMPUR',b'DHAMRAAI',b'2020-09-18',b'09:00:00',b'0',b'32.6',b'',b'',b'',b'',b'109',b'2',b'',b'',b'',b'',b'1003.2',b'1004.4',b'00.00',b'',b'',b'',b'',b'',b'',b'',b'',b'',b'',b'15.0',b'L'
b'64',b'KALAMPUR',b'DHAMRAAI',b'2020-09-18',b'10:00:00',b'0',b'32.5',b'',b'',b'',b'',b'118',b'1',b'',b'',b'',b'',b'1002.6',b'1003.8',b'00.00',b'',b'',b'',b'',b'',b'',b'',b'',b'',b'',b'14.6',b'L'
b'65',b'KALAMPUR',b'DHAMRAAI',b'2020-09-18',b'11:00:00',b'0',b'32.1',b'',b'',b'',b'',b'088',b'3',b'',b'',b'',b'',b'1002.6',b'1003.8',b'00.00',b'',b'',b'',b'',b'',b'',b'',b'',b'',b'',b'13.9',b'L'
b'66',b'KALAMPUR',b'DHAMRAAI',b'2020-09-18',b'12:00:00',b'0',b'30.8',b'',b'',b'',b'',b'064',b'2',b'',b'',b'',b'',b'1002.9',b'1004.1',b'00.00',b'',b'',b'',b'',b'',b'',b'',b'',b'',b'',b'12.9',b'L'
b'67',b'KALAMPUR',b'DHAMRAAI',b'2020-09-18',b'13:00:00',b'0',b'29.8',b'',b'',b'',b'',b'033',b'2',b'',b'',b'',b'',b'1003.9',b'1005.1',b'00.00',b'',b'',b'',b'',b'',b'',b'',b'',b'',b'',b'12.7',b'L'
b'68',b'KALAMPUR',b'DHAMRAAI',b'2020-09-18',b'14:00:00',b'0',b'29.6',b'',b'',b'',b'',b'062',b'2',b'',b'',b'',b'',b'1004.2',b'1005.4',b'00.00',b'',b'',b'',b'',b'',b'',b'',b'',b'',b'',b'12.6',b'L'
b'69',b'KALAMPUR',b'DHAMRAAI',b'2020-09-18',b'15:00:00',b'0',b'29.6',b'',b'',b'',b'',b'074',b'1',b'',b'',b'',b'',b'1004.9',b'1006.2',b'00.00',b'',b'',b'',b'',b'',b'',b'',b'',b'',b'',b'12.5',b'L'
b'70',b'KALAMPUR',b'DHAMRAAI',b'2020-09-19',b'07:00:00',b'0',b'34.1',b'',b'',b'',b'',b'055',b'3',b'',b'',b'',b'',b'1002.0',b'1003.2',b'00.00',b'',b'',b'',b'',b'',b'',b'',b'',b'',b'',b'15.2',b'L'
b'71',b'KALAMPUR',b'DHAMRAAI',b'2020-09-19',b'08:00:00',b'0',b'34.4',b'',b'',b'',b'',b'050',b'2',b'',b'',b'',b'',b'1000.9',b'1002.1',b'00.00',b'',b'',b'',b'',b'',b'',b'',b'',b'',b'',b'15.2',b'L'
b'72',b'KALAMPUR',b'DHAMRAAI',b'2020-09-19',b'09:00:00',b'0',b'34.3',b'',b'',b'',b'',b'042',b'13',b'',b'',b'',b'',b'1000.0',b'1001.2',b'00.00',b'',b'',b'',b'',b'',b'',b'',b'',b'',b'',b'15.1',b'L'
b'73',b'KALAMPUR',b'DHAMRAAI',b'2020-09-19',b'10:00:00',b'0',b'34.5',b'',b'',b'',b'',b'050',b'3',b'',b'',b'',b'',b'999.6',b'1000.8',b'00.00',b'',b'',b'',b'',b'',b'',b'',b'',b'',b'',b'14.8',b'L'
b'74',b'KALAMPUR',b'DHAMRAAI',b'2020-09-19',b'11:00:00',b'0',b'34.1',b'',b'',b'',b'',b'017',b'2',b'',b'',b'',b'',b'999.6',b'1000.8',b'00.00',b'',b'',b'',b'',b'',b'',b'',b'',b'',b'',b'14.3',b'L'
b'75',b'KALAMPUR',b'DHAMRAAI',b'2020-09-19',b'12:00:00',b'0',b'32.9',b'',b'',b'',b'',b'011',b'1',b'',b'',b'',b'',b'999.4',b'1000.6',b'00.00',b'',b'',b'',b'',b'',b'',b'',b'',b'',b'',b'13.1',b'L'
b'76',b'KALAMPUR',b'DHAMRAAI',b'2020-09-19',b'13:00:00',b'0',b'31.8',b'',b'',b'',b'',b'232',b'1',b'',b'',b'',b'',b'999.6',b'1000.8',b'00.00',b'',b'',b'',b'',b'',b'',b'',b'',b'',b'',b'12.9',b'L'
b'77',b'KALAMPUR',b'DHAMRAAI',b'2020-09-20',b'09:00:00',b'0',b'34.2',b'',b'',b'',b'',b'195',b'0',b'',b'',b'',b'',b'999.0',b'1000.2',b'00.00',b'',b'',b'',b'',b'',b'',b'',b'',b'',b'',b'15.2',b'L'
b'78',b'KALAMPUR',b'DHAMRAAI',b'2020-09-20',b'10:00:00',b'0',b'34.3',b'',b'',b'',b'',b'222',b'2',b'',b'',b'',b'',b'998.9',b'1000.1',b'00.00',b'',b'',b'',b'',b'',b'',b'',b'',b'',b'',b'15.0',b'L'
b'79',b'KALAMPUR',b'DHAMRAAI',b'2020-09-20',b'11:00:00',b'0',b'33.3',b'',b'',b'',b'',b'223',b'2',b'',b'',b'',b'',b'998.7',b'999.9',b'00.00',b'',b'',b'',b'',b'',b'',b'',b'',b'',b'',b'14.2',b'L'
b'80',b'KALAMPUR',b'DHAMRAAI',b'2020-09-21',b'07:00:00',b'0',b'30.8',b'',b'',b'',b'',b'136',b'5',b'',b'',b'',b'',b'1002.5',b'1003.7',b'00.00',b'',b'',b'',b'',b'',b'',b'',b'',b'',b'',b'14.8',b'L'
b'81',b'KALAMPUR',b'DHAMRAAI',b'2020-09-22',b'12:00:00',b'0',b'28.8',b'',b'',b'',b'',b'205',b'2',b'',b'',b'',b'',b'1005.0',b'1006.3',b'00.00',b'',b'',b'',b'',b'',b'',b'',b'',b'',b'',b'12.7',b'L'
b'82',b'KALAMPUR',b'DHAMRAAI',b'2020-09-23',b'10:00:00',b'0',b'28.9',b'',b'',b'',b'',b'217',b'4',b'',b'',b'',b'',b'1006.1',b'1007.4',b'00.00',b'',b'',b'',b'',b'',b'',b'',b'',b'',b'',b'13.5',b'L'
b'83',b'KALAMPUR',b'DHAMRAAI',b'2020-09-25',b'08:00:00',b'1',b'27.5',b'',b'',b'',b'',b'246',b'7',b'',b'',b'',b'',b'1004.8',b'1006.1',b'00.00',b'',b'',b'',b'',b'',b'',b'',b'',b'',b'',b'13.5',b'L'
b'84',b'KALAMPUR',b'DHAMRAAI',b'2020-09-25',b'09:00:00',b'1',b'27.4',b'',b'',b'',b'',b'210',b'3',b'',b'',b'',b'',b'1004.3',b'1005.6',b'00.00',b'',b'',b'',b'',b'',b'',b'',b'',b'',b'',b'12.5',b'L'
b'85',b'KALAMPUR',b'DHAMRAAI',b'2020-09-26',b'08:00:00',b'0',b'27.2',b'',b'',b'',b'',b'210',b'4',b'',b'',b'',b'',b'1004.9',b'1006.2',b'00.00',b'',b'',b'',b'',b'',b'',b'',b'',b'',b'',b'13.7',b'L'
b'86',b'KALAMPUR',b'DHAMRAAI',b'2020-09-28',b'08:00:00',b'0',b'31.9',b'',b'',b'',b'',b'103',b'1',b'',b'',b'',b'',b'1006.3',b'1007.5',b'00.00',b'',b'',b'',b'',b'',b'',b'',b'',b'',b'',b'14.7',b'L'
b'87',b'KALAMPUR',b'DHAMRAAI',b'2020-09-28',b'09:00:00',b'0',b'32.1',b'',b'',b'',b'',b'130',b'2',b'',b'',b'',b'',b'1005.5',b'1006.7',b'00.00',b'',b'',b'',b'',b'',b'',b'',b'',b'',b'',b'14.4',b'L'
b'88',b'KALAMPUR',b'DHAMRAAI',b'2020-09-28',b'10:00:00',b'0',b'32.1',b'',b'',b'',b'',b'077',b'1',b'',b'',b'',b'',b'1005.4',b'1006.6',b'00.00',b'',b'',b'',b'',b'',b'',b'',b'',b'',b'',b'14.2',b'L'
b'89',b'KALAMPUR',b'DHAMRAAI',b'2020-09-28',b'11:00:00',b'0',b'31.8',b'',b'',b'',b'',b'134',b'1',b'',b'',b'',b'',b'1005.4',b'1006.6',b'00.00',b'',b'',b'',b'',b'',b'',b'',b'',b'',b'',b'13.5',b'L'
b'90',b'KALAMPUR',b'DHAMRAAI',b'2020-09-29',b'10:00:00',b'0',b'28.4',b'',b'',b'',b'',b'256',b'1',b'',b'',b'',b'',b'1004.7',b'1006.0',b'00.00',b'',b'',b'',b'',b'',b'',b'',b'',b'',b'',b'12.7',b'L'
b'91',b'KALAMPUR',b'DHAMRAAI',b'2020-09-30',b'08:00:00',b'0',b'31.5',b'',b'',b'',b'',b'219',b'3',b'',b'',b'',b'',b'1004.3',b'1005.5',b'00.00',b'',b'',b'',b'',b'',b'',b'',b'',b'',b'',b'13.6',b'L'
b'92',b'KALAMPUR',b'DHAMRAAI',b'2020-09-30',b'09:00:00',b'2',b'28.1',b'',b'',b'',b'',b'302',b'1',b'',b'',b'',b'',b'1003.4',b'1004.7',b'00.00',b'',b'',b'',b'',b'',b'',b'',b'',b'',b'',b'12.9',b'L'
b'93',b'KHAGRACHHARI_HILL',b'DIGHINALA_ROAD',b'2020-09-01',b'00:00:00',b'0',b'26.1',b'',b'',b'',b'',b'359',b'0',b'',b'',b'',b'',b'991.3',b'998.8',b'00.00',b'',b'',b'',b'',b'',b'',b'',b'',b'',b'',b'12.4',b'L'
b'94',b'KHAGRACHHARI_HILL',b'DIGHINALA_ROAD',b'2020-09-01',b'01:00:00',b'0',b'26.2',b'',b'',b'',b'',b'065',b'0',b'',b'',b'',b'',b'992.4',b'999.9',b'00.00',b'',b'',b'',b'',b'',b'',b'',b'',b'',b'',b'12.4',b'L'
b'95',b'KHAGRACHHARI_HILL',b'DIGHINALA_ROAD',b'2020-09-01',b'02:00:00',b'0',b'27.0',b'',b'',b'',b'',b'044',b'0',b'',b'',b'',b'',b'991.3',b'998.8',b'00.30',b'',b'',b'',b'',b'',b'',b'',b'',b'',b'',b'13.0',b'L'
b'96',b'KHAGRACHHARI_HILL',b'DIGHINALA_ROAD',b'2020-09-01',b'03:00:00',b'0',b'28.0',b'26.0',b'',b'',b'',b'205',b'1',b'',b'',b'',b'',b'991.0',b'998.5',b'01.30',b'',b'',b'',b'',b'',b'',b'',b'',b'',b'',b'13.5',b'L'
b'97',b'KHAGRACHHARI_HILL',b'DIGHINALA_ROAD',b'2020-09-01',b'04:00:00',b'0',b'28.4',b'',b'',b'',b'',b'218',b'2',b'',b'',b'',b'',b'993.5',b'1001.0',b'02.30',b'',b'',b'',b'',b'',b'',b'',b'',b'',b'',b'14.5',b'L'
b'98',b'KHAGRACHHARI_HILL',b'DIGHINALA_ROAD',b'2020-09-01',b'05:00:00',b'0',b'30.1',b'',b'',b'',b'',b'180',b'1',b'',b'',b'',b'',b'993.7',b'1001.1',b'03.30',b'',b'',b'',b'',b'',b'',b'',b'',b'',b'',b'15.1',b'L'
b'99',b'KHAGRACHHARI_HILL',b'DIGHINALA_ROAD',b'2020-09-01',b'06:00:00',b'0',b'31.4',b'',b'',b'',b'',b'171',b'1',b'',b'',b'',b'',b'992.1',b'999.5',b'04.30',b'',b'',b'',b'',b'',b'',b'',b'',b'',b'',b'14.9',b'L'
b'100',b'KHAGRACHHARI_HILL',b'DIGHINALA_ROAD',b'2020-09-01',b'07:00:00',b'0',b'31.9',b'',b'',b'',b'',b'266',b'1',b'',b'',b'',b'',b'968.2',b'975.4',b'05.30',b'',b'',b'',b'',b'',b'',b'',b'',b'',b'',b'15.2',b'L'
b'101',b'KHAGRACHHARI_HILL',b'DIGHINALA_ROAD',b'2020-09-01',b'08:00:00',b'0',b'31.7',b'',b'',b'',b'',b'203',b'1',b'',b'',b'',b'',b'988.6',b'996.0',b'06.30',b'',b'',b'',b'',b'',b'',b'',b'',b'',b'',b'14.9',b'L'
b'102',b'KHAGRACHHARI_HILL',b'DIGHINALA_ROAD',b'2020-09-01',b'09:00:00',b'0',b'30.4',b'',b'',b'',b'',b'213',b'1',b'',b'',b'',b'',b'987.3',b'994.7',b'07.30',b'',b'',b'',b'',b'',b'',b'',b'',b'',b'',b'14.1',b'L'
b'103',b'KHAGRACHHARI_HILL',b'DIGHINALA_ROAD',b'2020-09-01',b'10:00:00',b'0',b'31.7',b'',b'',b'',b'',b'251',b'1',b'',b'',b'',b'',b'986.4',b'993.7',b'08.30',b'',b'',b'',b'',b'',b'',b'',b'',b'',b'',b'14.8',b'L'
b'104',b'KHAGRACHHARI_HILL',b'DIGHINALA_ROAD',b'2020-09-01',b'11:00:00',b'0',b'29.0',b'',b'',b'',b'',b'150',b'0',b'',b'',b'',b'',b'986.9',b'994.3',b'09.15',b'',b'',b'',b'',b'',b'',b'',b'',b'',b'',b'13.7',b'L'
b'105',b'KHAGRACHHARI_HILL',b'DIGHINALA_ROAD',b'2020-09-01',b'12:00:00',b'0',b'28.5',b'',b'32.0',b'',b'',b'359',b'0',b'',b'',b'',b'',b'987.6',b'995.0',b'09.23',b'',b'',b'',b'',b'',b'',b'',b'',b'',b'',b'12.9',b'L'
b'106',b'KHAGRACHHARI_HILL',b'DIGHINALA_ROAD',b'2020-09-01',b'13:00:00',b'0',b'26.3',b'',b'',b'',b'',b'126',b'1',b'',b'',b'',b'',b'987.5',b'995.0',b'09.23',b'',b'',b'',b'',b'',b'',b'',b'',b'',b'',b'12.5',b'L'
b'107',b'KHAGRACHHARI_HILL',b'DIGHINALA_ROAD',b'2020-09-01',b'14:00:00',b'0',b'25.7',b'',b'',b'',b'',b'168',b'1',b'',b'',b'',b'',b'989.9',b'997.4',b'09.23',b'',b'',b'',b'',b'',b'',b'',b'',b'',b'',b'12.5',b'L'
b'108',b'KHAGRACHHARI_HILL',b'DIGHINALA_ROAD',b'2020-09-01',b'15:00:00',b'0',b'25.6',b'',b'',b'',b'',b'166',b'0',b'',b'',b'',b'',b'989.6',b'997.1',b'09.23',b'',b'',b'',b'',b'',b'',b'',b'',b'',b'',b'12.5',b'L'
b'109',b'KHAGRACHHARI_HILL',b'DIGHINALA_ROAD',b'2020-09-01',b'16:00:00',b'0',b'25.5',b'',b'',b'',b'',b'113',b'0',b'',b'',b'',b'',b'989.2',b'996.7',b'09.23',b'',b'',b'',b'',b'',b'',b'',b'',b'',b'',b'12.4',b'L'
b'110',b'KHAGRACHHARI_HILL',b'DIGHINALA_ROAD',b'2020-09-01',b'17:00:00',b'0',b'25.3',b'',b'',b'',b'',b'120',b'0',b'',b'',b'',b'',b'990.4',b'997.9',b'09.23',b'',b'',b'',b'',b'',b'',b'',b'',b'',b'',b'12.4',b'L'
b'111',b'KHAGRACHHARI_HILL',b'DIGHINALA_ROAD',b'2020-09-01',b'18:00:00',b'0',b'25.1',b'',b'',b'',b'',b'359',b'0',b'',b'',b'',b'',b'986.4',b'993.9',b'09.23',b'',b'',b'',b'',b'',b'',b'',b'',b'',b'',b'12.4',b'L'
b'112',b'KHAGRACHHARI_HILL',b'DIGHINALA_ROAD',b'2020-09-01',b'19:00:00',b'0',b'25.0',b'',b'',b'',b'',b'220',b'0',b'',b'',b'',b'',b'992.6',b'1000.2',b'09.23',b'',b'',b'',b'',b'',b'',b'',b'',b'',b'',b'12.4',b'L'
b'113',b'KHAGRACHHARI_HILL',b'DIGHINALA_ROAD',b'2020-09-01',b'20:00:00',b'0',b'25.0',b'',b'',b'',b'',b'140',b'0',b'',b'',b'',b'',b'996.2',b'1003.8',b'09.23',b'',b'',b'',b'',b'',b'',b'',b'',b'',b'',b'12.4',b'L'
b'114',b'KHAGRACHHARI_HILL',b'DIGHINALA_ROAD',b'2020-09-01',b'21:00:00',b'0',b'25.1',b'',b'',b'',b'',b'115',b'1',b'',b'',b'',b'',b'995.7',b'1003.3',b'00.00',b'',b'',b'',b'',b'',b'',b'',b'',b'',b'',b'12.4',b'L'
b'115',b'KHAGRACHHARI_HILL',b'DIGHINALA_ROAD',b'2020-09-01',b'22:00:00',b'0',b'25.0',b'',b'',b'',b'',b'359',b'0',b'',b'',b'',b'',b'995.4',b'1003.0',b'00.00',b'',b'',b'',b'',b'',b'',b'',b'',b'',b'',b'12.3',b'L'
b'116',b'KHAGRACHHARI_HILL',b'DIGHINALA_ROAD',b'2020-09-01',b'23:00:00',b'0',b'24.8',b'',b'',b'',b'',b'250',b'0',b'',b'',b'',b'',b'996.0',b'1003.6',b'00.00',b'',b'',b'',b'',b'',b'',b'',b'',b'',b'',b'12.3',b'L'
b'117',b'KHAGRACHHARI_HILL',b'DIGHINALA_ROAD',b'2020-09-02',b'00:00:00',b'0',b'24.7',b'',b'',b'',b'',b'359',b'0',b'',b'',b'',b'',b'996.4',b'1004.0',b'00.00',b'',b'',b'',b'',b'',b'',b'',b'',b'',b'',b'12.3',b'L'
b'118',b'KHAGRACHHARI_HILL',b'DIGHINALA_ROAD',b'2020-09-02',b'01:00:00',b'0',b'25.7',b'',b'',b'',b'',b'098',b'0',b'',b'',b'',b'',b'997.3',b'1004.9',b'00.17',b'',b'',b'',b'',b'',b'',b'',b'',b'',b'',b'12.7',b'L'
b'119',b'KHAGRACHHARI_HILL',b'DIGHINALA_ROAD',b'2020-09-02',b'02:00:00',b'0',b'26.9',b'',b'',b'',b'',b'182',b'1',b'',b'',b'',b'',b'997.6',b'1005.1',b'01.17',b'',b'',b'',b'',b'',b'',b'',b'',b'',b'',b'13.8',b'L'
b'120',b'KHAGRACHHARI_HILL',b'DIGHINALA_ROAD',b'2020-09-02',b'03:00:00',b'0',b'28.6',b'24.7',b'',b'',b'',b'138',b'1',b'',b'',b'',b'',b'998.2',b'1005.7',b'02.17',b'',b'',b'',b'',b'',b'',b'',b'',b'',b'',b'14.5',b'L'
b'121',b'KHAGRACHHARI_HILL',b'DIGHINALA_ROAD',b'2020-09-02',b'04:00:00',b'0',b'29.5',b'',b'',b'',b'',b'065',b'1',b'',b'',b'',b'',b'998.2',b'1005.7',b'03.17',b'',b'',b'',b'',b'',b'',b'',b'',b'',b'',b'14.8',b'L'
b'122',b'KHAGRACHHARI_HILL',b'DIGHINALA_ROAD',b'2020-09-02',b'05:00:00',b'0',b'30.9',b'',b'',b'',b'',b'142',b'2',b'',b'',b'',b'',b'997.8',b'1005.2',b'04.17',b'',b'',b'',b'',b'',b'',b'',b'',b'',b'',b'15.2',b'L'
b'123',b'KHAGRACHHARI_HILL',b'DIGHINALA_ROAD',b'2020-09-02',b'06:00:00',b'0',b'31.4',b'',b'',b'',b'',b'092',b'1',b'',b'',b'',b'',b'996.9',b'1004.3',b'05.17',b'',b'',b'',b'',b'',b'',b'',b'',b'',b'',b'15.0',b'L'
b'124',b'KHAGRACHHARI_HILL',b'DIGHINALA_ROAD',b'2020-09-02',b'07:00:00',b'0',b'29.2',b'',b'',b'',b'',b'359',b'0',b'',b'',b'',b'',b'996.2',b'1003.7',b'06.17',b'',b'',b'',b'',b'',b'',b'',b'',b'',b'',b'14.4',b'L'
b'125',b'KHAGRACHHARI_HILL',b'DIGHINALA_ROAD',b'2020-09-02',b'08:00:00',b'0',b'31.9',b'',b'',b'',b'',b'211',b'1',b'',b'',b'',b'',b'995.4',b'1002.8',b'07.17',b'',b'',b'',b'',b'',b'',b'',b'',b'',b'',b'15.2',b'L'
b'126',b'KHAGRACHHARI_HILL',b'DIGHINALA_ROAD',b'2020-09-02',b'09:00:00',b'0',b'32.4',b'',b'',b'',b'',b'281',b'1',b'',b'',b'',b'',b'994.3',b'1001.7',b'08.16',b'',b'',b'',b'',b'',b'',b'',b'',b'',b'',b'15.2',b'L'
b'127',b'KHAGRACHHARI_HILL',b'DIGHINALA_ROAD',b'2020-09-02',b'10:00:00',b'0',b'32.1',b'',b'',b'',b'',b'212',b'1',b'',b'',b'',b'',b'994.0',b'1001.4',b'09.16',b'',b'',b'',b'',b'',b'',b'',b'',b'',b'',b'14.7',b'L'
b'128',b'KHAGRACHHARI_HILL',b'DIGHINALA_ROAD',b'2020-09-02',b'11:00:00',b'0',b'27.8',b'',b'',b'',b'',b'227',b'0',b'',b'',b'',b'',b'994.0',b'1001.5',b'09.59',b'',b'',b'',b'',b'',b'',b'',b'',b'',b'',b'13.8',b'L'
b'129',b'KHAGRACHHARI_HILL',b'DIGHINALA_ROAD',b'2020-09-02',b'12:00:00',b'0',b'26.9',b'',b'32.7',b'',b'',b'359',b'0',b'',b'',b'',b'',b'994.1',b'1001.6',b'10.04',b'',b'',b'',b'',b'',b'',b'',b'',b'',b'',b'12.8',b'L'
b'130',b'KHAGRACHHARI_HILL',b'DIGHINALA_ROAD',b'2020-09-02',b'13:00:00',b'0',b'26.3',b'',b'',b'',b'',b'359',b'0',b'',b'',b'',b'',b'995.1',b'1002.6',b'10.04',b'',b'',b'',b'',b'',b'',b'',b'',b'',b'',b'12.5',b'L'
b'131',b'KHAGRACHHARI_HILL',b'DIGHINALA_ROAD',b'2020-09-02',b'14:00:00',b'0',b'25.8',b'',b'',b'',b'',b'031',b'0',b'',b'',b'',b'',b'995.9',b'1003.5',b'10.04',b'',b'',b'',b'',b'',b'',b'',b'',b'',b'',b'12.5',b'L'
b'132',b'KHAGRACHHARI_HILL',b'DIGHINALA_ROAD',b'2020-09-02',b'15:00:00',b'0',b'25.6',b'',b'',b'',b'',b'114',b'0',b'',b'',b'',b'',b'996.0',b'1003.6',b'10.04',b'',b'',b'',b'',b'',b'',b'',b'',b'',b'',b'12.5',b'L'
b'133',b'KHAGRACHHARI_HILL',b'DIGHINALA_ROAD',b'2020-09-02',b'16:00:00',b'0',b'25.2',b'',b'',b'',b'',b'185',b'0',b'',b'',b'',b'',b'997.3',b'1004.9',b'10.04',b'',b'',b'',b'',b'',b'',b'',b'',b'',b'',b'12.4',b'L'
b'134',b'KHAGRACHHARI_HILL',b'DIGHINALA_ROAD',b'2020-09-02',b'17:00:00',b'0',b'25.3',b'',b'',b'',b'',b'225',b'0',b'',b'',b'',b'',b'996.7',b'1004.3',b'10.04',b'',b'',b'',b'',b'',b'',b'',b'',b'',b'',b'12.4',b'L'
b'135',b'KHAGRACHHARI_HILL',b'DIGHINALA_ROAD',b'2020-09-02',b'18:00:00',b'0',b'25.4',b'',b'',b'',b'',b'359',b'0',b'',b'',b'',b'',b'997.2',b'1004.8',b'10.04',b'',b'',b'',b'',b'',b'',b'',b'',b'',b'',b'12.4',b'L'
b'136',b'KHAGRACHHARI_HILL',b'DIGHINALA_ROAD',b'2020-09-02',b'19:00:00',b'0',b'25.6',b'',b'',b'',b'',b'359',b'0',b'',b'',b'',b'',b'996.2',b'1003.8',b'10.04',b'',b'',b'',b'',b'',b'',b'',b'',b'',b'',b'12.4',b'L'
b'137',b'KHAGRACHHARI_HILL',b'DIGHINALA_ROAD',b'2020-09-02',b'20:00:00',b'0',b'25.6',b'',b'',b'',b'',b'311',b'0',b'',b'',b'',b'',b'995.7',b'1003.3',b'10.04',b'',b'',b'',b'',b'',b'',b'',b'',b'',b'',b'12.4',b'L'
b'138',b'KHAGRACHHARI_HILL',b'DIGHINALA_ROAD',b'2020-09-02',b'21:00:00',b'0',b'25.6',b'',b'',b'',b'',b'359',b'0',b'',b'',b'',b'',b'996.1',b'1003.7',b'00.00',b'',b'',b'',b'',b'',b'',b'',b'',b'',b'',b'12.4',b'L'
b'139',b'KHAGRACHHARI_HILL',b'DIGHINALA_ROAD',b'2020-09-02',b'22:00:00',b'0',b'25.2',b'',b'',b'',b'',b'197',b'0',b'',b'',b'',b'',b'995.7',b'1003.3',b'00.00',b'',b'',b'',b'',b'',b'',b'',b'',b'',b'',b'12.4',b'L'
b'140',b'KHAGRACHHARI_HILL',b'DIGHINALA_ROAD',b'2020-09-02',b'23:00:00',b'0',b'25.0',b'',b'',b'',b'',b'078',b'0',b'',b'',b'',b'',b'995.9',b'1003.5',b'00.00',b'',b'',b'',b'',b'',b'',b'',b'',b'',b'',b'12.3',b'L'
b'141',b'KHAGRACHHARI_HILL',b'DIGHINALA_ROAD',b'2020-09-03',b'00:00:00',b'0',b'24.8',b'',b'',b'',b'',b'042',b'0',b'',b'',b'',b'',b'995.9',b'1003.5',b'00.00',b'',b'',b'',b'',b'',b'',b'',b'',b'',b'',b'12.3',b'L'
b'142',b'KHAGRACHHARI_HILL',b'DIGHINALA_ROAD',b'2020-09-03',b'01:00:00',b'0',b'27.1',b'',b'',b'',b'',b'122',b'0',b'',b'',b'',b'',b'996.7',b'1004.2',b'00.44',b'',b'',b'',b'',b'',b'',b'',b'',b'',b'',b'13.0',b'L'
b'143',b'KHAGRACHHARI_HILL',b'DIGHINALA_ROAD',b'2020-09-03',b'02:00:00',b'0',b'28.3',b'',b'',b'',b'',b'091',b'1',b'',b'',b'',b'',b'996.7',b'1004.2',b'01.44',b'',b'',b'',b'',b'',b'',b'',b'',b'',b'',b'14.7',b'L'
b'144',b'KHAGRACHHARI_HILL',b'DIGHINALA_ROAD',b'2020-09-03',b'03:00:00',b'0',b'29.8',b'24.7',b'',b'',b'',b'091',b'1',b'',b'',b'',b'',b'996.7',b'1004.2',b'02.44',b'',b'',b'',b'',b'',b'',b'',b'',b'',b'',b'15.1',b'L'
b'145',b'KHAGRACHHARI_HILL',b'DIGHINALA_ROAD',b'2020-09-03',b'04:00:00',b'0',b'31.4',b'',b'',b'',b'',b'067',b'1',b'',b'',b'',b'',b'995.9',b'1003.3',b'03.44',b'',b'',b'',b'',b'',b'',b'',b'',b'',b'',b'15.2',b'L'
b'146',b'KHAGRACHHARI_HILL',b'DIGHINALA_ROAD',b'2020-09-03',b'05:00:00',b'0',b'32.1',b'',b'',b'',b'',b'052',b'1',b'',b'',b'',b'',b'986.4',b'993.7',b'04.44',b'',b'',b'',b'',b'',b'',b'',b'',b'',b'',b'15.2',b'L'
b'147',b'KHAGRACHHARI_HILL',b'DIGHINALA_ROAD',b'2020-09-03',b'06:00:00',b'0',b'32.8',b'',b'',b'',b'',b'271',b'1',b'',b'',b'',b'',b'993.3',b'1000.7',b'05.44',b'',b'',b'',b'',b'',b'',b'',b'',b'',b'',b'15.2',b'L'
b'148',b'KHAGRACHHARI_HILL',b'DIGHINALA_ROAD',b'2020-09-03',b'07:00:00',b'0',b'33.5',b'',b'',b'',b'',b'189',b'1',b'',b'',b'',b'',b'991.3',b'998.6',b'06.44',b'',b'',b'',b'',b'',b'',b'',b'',b'',b'',b'15.2',b'L'
b'149',b'KHAGRACHHARI_HILL',b'DIGHINALA_ROAD',b'2020-09-03',b'08:00:00',b'0',b'33.5',b'',b'',b'',b'',b'235',b'1',b'',b'',b'',b'',b'990.7',b'998.0',b'07.44',b'',b'',b'',b'',b'',b'',b'',b'',b'',b'',b'15.2',b'L'
b'150',b'KHAGRACHHARI_HILL',b'DIGHINALA_ROAD',b'2020-09-03',b'09:00:00',b'0',b'33.7',b'',b'',b'',b'',b'300',b'1',b'',b'',b'',b'',b'984.9',b'992.2',b'08.44',b'',b'',b'',b'',b'',b'',b'',b'',b'',b'',b'15.2',b'L'
b'151',b'KHAGRACHHARI_HILL',b'DIGHINALA_ROAD',b'2020-09-03',b'10:00:00',b'0',b'33.8',b'',b'',b'',b'',b'293',b'1',b'',b'',b'',b'',b'986.9',b'994.2',b'09.44',b'',b'',b'',b'',b'',b'',b'',b'',b'',b'',b'15.2',b'L'
b'152',b'KHAGRACHHARI_HILL',b'DIGHINALA_ROAD',b'2020-09-03',b'11:00:00',b'0',b'34.2',b'',b'',b'',b'',b'359',b'0',b'',b'',b'',b'',b'985.7',b'993.0',b'10.14',b'',b'',b'',b'',b'',b'',b'',b'',b'',b'',b'14.8',b'L'
b'153',b'KHAGRACHHARI_HILL',b'DIGHINALA_ROAD',b'2020-09-03',b'12:00:00',b'0',b'30.8',b'',b'34.2',b'',b'',b'359',b'0',b'',b'',b'',b'',b'961.8',b'969.0',b'10.18',b'',b'',b'',b'',b'',b'',b'',b'',b'',b'',b'13.4',b'L'
b'154',b'KHAGRACHHARI_HILL',b'DIGHINALA_ROAD',b'2020-09-03',b'13:00:00',b'0',b'29.1',b'',b'',b'',b'',b'359',b'0',b'',b'',b'',b'',b'992.0',b'999.5',b'10.18',b'',b'',b'',b'',b'',b'',b'',b'',b'',b'',b'12.9',b'L'
b'155',b'KHAGRACHHARI_HILL',b'DIGHINALA_ROAD',b'2020-09-03',b'14:00:00',b'0',b'28.1',b'',b'',b'',b'',b'068',b'0',b'',b'',b'',b'',b'984.9',b'992.3',b'10.18',b'',b'',b'',b'',b'',b'',b'',b'',b'',b'',b'12.7',b'L'
b'156',b'KHAGRACHHARI_HILL',b'DIGHINALA_ROAD',b'2020-09-03',b'15:00:00',b'0',b'27.5',b'',b'',b'',b'',b'359',b'0',b'',b'',b'',b'',b'983.9',b'991.3',b'10.18',b'',b'',b'',b'',b'',b'',b'',b'',b'',b'',b'12.6',b'L'
b'157',b'KHAGRACHHARI_HILL',b'DIGHINALA_ROAD',b'2020-09-03',b'16:00:00',b'0',b'27.2',b'',b'',b'',b'',b'071',b'0',b'',b'',b'',b'',b'970.2',b'977.5',b'10.18',b'',b'',b'',b'',b'',b'',b'',b'',b'',b'',b'12.5',b'L'
b'158',b'KHAGRACHHARI_HILL',b'DIGHINALA_ROAD',b'2020-09-03',b'17:00:00',b'0',b'27.0',b'',b'',b'',b'',b'031',b'0',b'',b'',b'',b'',b'972.8',b'980.2',b'10.18',b'',b'',b'',b'',b'',b'',b'',b'',b'',b'',b'12.5',b'L'
b'159',b'KHAGRACHHARI_HILL',b'DIGHINALA_ROAD',b'2020-09-03',b'18:00:00',b'0',b'26.6',b'',b'',b'',b'',b'359',b'0',b'',b'',b'',b'',b'969.7',b'977.0',b'10.18',b'',b'',b'',b'',b'',b'',b'',b'',b'',b'',b'12.5',b'L'
b'160',b'KHAGRACHHARI_HILL',b'DIGHINALA_ROAD',b'2020-09-03',b'19:00:00',b'0',b'26.3',b'',b'',b'',b'',b'359',b'0',b'',b'',b'',b'',b'967.2',b'974.5',b'10.18',b'',b'',b'',b'',b'',b'',b'',b'',b'',b'',b'12.5',b'L'
b'161',b'KHAGRACHHARI_HILL',b'DIGHINALA_ROAD',b'2020-09-03',b'20:00:00',b'0',b'26.1',b'',b'',b'',b'',b'359',b'0',b'',b'',b'',b'',b'966.7',b'974.0',b'10.18',b'',b'',b'',b'',b'',b'',b'',b'',b'',b'',b'12.4',b'L'
b'162',b'KHAGRACHHARI_HILL',b'DIGHINALA_ROAD',b'2020-09-03',b'21:00:00',b'0',b'26.4',b'',b'',b'',b'',b'042',b'0',b'',b'',b'',b'',b'965.7',b'973.0',b'00.00',b'',b'',b'',b'',b'',b'',b'',b'',b'',b'',b'12.4',b'L'
b'163',b'KHAGRACHHARI_HILL',b'DIGHINALA_ROAD',b'2020-09-03',b'22:00:00',b'0',b'26.2',b'',b'',b'',b'',b'359',b'0',b'',b'',b'',b'',b'966.1',b'973.4',b'00.00',b'',b'',b'',b'',b'',b'',b'',b'',b'',b'',b'12.4',b'L'
b'164',b'KHAGRACHHARI_HILL',b'DIGHINALA_ROAD',b'2020-09-03',b'23:00:00',b'0',b'26.2',b'',b'',b'',b'',b'359',b'0',b'',b'',b'',b'',b'967.3',b'974.6',b'00.00',b'',b'',b'',b'',b'',b'',b'',b'',b'',b'',b'12.4',b'L'
b'165',b'KHAGRACHHARI_HILL',b'DIGHINALA_ROAD',b'2020-09-04',b'00:00:00',b'0',b'26.1',b'',b'',b'',b'',b'359',b'0',b'',b'',b'',b'',b'1000.0',b'1007.6',b'00.00',b'',b'',b'',b'',b'',b'',b'',b'',b'',b'',b'12.4',b'L'
b'166',b'KHAGRACHHARI_HILL',b'DIGHINALA_ROAD',b'2020-09-04',b'01:00:00',b'0',b'28.2',b'',b'',b'',b'',b'085',b'0',b'',b'',b'',b'',b'950.0',b'957.2',b'00.46',b'',b'',b'',b'',b'',b'',b'',b'',b'',b'',b'13.0',b'L'
b'167',b'KHAGRACHHARI_HILL',b'DIGHINALA_ROAD',b'2020-09-04',b'02:00:00',b'0',b'29.0',b'',b'',b'',b'',b'239',b'1',b'',b'',b'',b'',b'1000.0',b'1007.5',b'01.46',b'',b'',b'',b'',b'',b'',b'',b'',b'',b'',b'14.6',b'L'
b'168',b'KHAGRACHHARI_HILL',b'DIGHINALA_ROAD',b'2020-09-04',b'03:00:00',b'0',b'30.8',b'26.1',b'',b'',b'',b'088',b'1',b'',b'',b'',b'',b'972.7',b'980.0',b'02.46',b'',b'',b'',b'',b'',b'',b'',b'',b'',b'',b'15.2',b'L'
b'169',b'KHAGRACHHARI_HILL',b'DIGHINALA_ROAD',b'2020-09-04',b'04:00:00',b'0',b'31.1',b'',b'',b'',b'',b'293',b'1',b'',b'',b'',b'',b'1000.0',b'1007.5',b'03.46',b'',b'',b'',b'',b'',b'',b'',b'',b'',b'',b'14.6',b'L'
b'170',b'KHAGRACHHARI_HILL',b'DIGHINALA_ROAD',b'2020-09-04',b'05:00:00',b'0',b'31.2',b'',b'',b'',b'',b'300',b'1',b'',b'',b'',b'',b'982.9',b'990.2',b'04.45',b'',b'',b'',b'',b'',b'',b'',b'',b'',b'',b'14.6',b'L'
b'171',b'KHAGRACHHARI_HILL',b'DIGHINALA_ROAD',b'2020-09-04',b'06:00:00',b'0',b'33.4',b'',b'',b'',b'',b'163',b'1',b'',b'',b'',b'',b'997.7',b'1005.1',b'05.45',b'',b'',b'',b'',b'',b'',b'',b'',b'',b'',b'15.2',b'L'
b'172',b'KHAGRACHHARI_HILL',b'DIGHINALA_ROAD',b'2020-09-04',b'07:00:00',b'0',b'33.3',b'',b'',b'',b'',b'198',b'1',b'',b'',b'',b'',b'957.6',b'964.7',b'06.45',b'',b'',b'',b'',b'',b'',b'',b'',b'',b'',b'15.2',b'L'
b'173',b'KHAGRACHHARI_HILL',b'DIGHINALA_ROAD',b'2020-09-04',b'08:00:00',b'0',b'33.9',b'',b'',b'',b'',b'185',b'0',b'',b'',b'',b'',b'994.0',b'1001.3',b'07.45',b'',b'',b'',b'',b'',b'',b'',b'',b'',b'',b'15.1',b'L'
b'174',b'KHAGRACHHARI_HILL',b'DIGHINALA_ROAD',b'2020-09-04',b'09:00:00',b'0',b'34.2',b'',b'',b'',b'',b'199',b'0',b'',b'',b'',b'',b'992.7',b'1000.0',b'08.45',b'',b'',b'',b'',b'',b'',b'',b'',b'',b'',b'15.2',b'L'
b'175',b'KHAGRACHHARI_HILL',b'DIGHINALA_ROAD',b'2020-09-04',b'10:00:00',b'0',b'34.4',b'',b'',b'',b'',b'254',b'0',b'',b'',b'',b'',b'991.9',b'999.2',b'09.45',b'',b'',b'',b'',b'',b'',b'',b'',b'',b'',b'15.2',b'L'
b'176',b'KHAGRACHHARI_HILL',b'DIGHINALA_ROAD',b'2020-09-04',b'11:00:00',b'0',b'33.3',b'',b'',b'',b'',b'264',b'0',b'',b'',b'',b'',b'992.0',b'999.3',b'10.31',b'',b'',b'',b'',b'',b'',b'',b'',b'',b'',b'14.5',b'L'
b'177',b'KHAGRACHHARI_HILL',b'DIGHINALA_ROAD',b'2020-09-04',b'12:00:00',b'0',b'31.3',b'',b'34.8',b'',b'',b'359',b'0',b'',b'',b'',b'',b'993.3',b'1000.7',b'10.36',b'',b'',b'',b'',b'',b'',b'',b'',b'',b'',b'13.4',b'L'
b'178',b'KHAGRACHHARI_HILL',b'DIGHINALA_ROAD',b'2020-09-04',b'13:00:00',b'0',b'29.9',b'',b'',b'',b'',b'359',b'0',b'',b'',b'',b'',b'993.5',b'1000.9',b'10.36',b'',b'',b'',b'',b'',b'',b'',b'',b'',b'',b'12.9',b'L'
b'179',b'KHAGRACHHARI_HILL',b'DIGHINALA_ROAD',b'2020-09-04',b'14:00:00',b'0',b'29.0',b'',b'',b'',b'',b'359',b'0',b'',b'',b'',b'',b'994.3',b'1001.8',b'10.36',b'',b'',b'',b'',b'',b'',b'',b'',b'',b'',b'12.7',b'L'
b'180',b'KHAGRACHHARI_HILL',b'DIGHINALA_ROAD',b'2020-09-04',b'15:00:00',b'0',b'28.5',b'',b'',b'',b'',b'359',b'0',b'',b'',b'',b'',b'995.0',b'1002.5',b'10.36',b'',b'',b'',b'',b'',b'',b'',b'',b'',b'',b'12.6',b'L'
b'181',b'KHAGRACHHARI_HILL',b'DIGHINALA_ROAD',b'2020-09-04',b'16:00:00',b'0',b'28.0',b'',b'',b'',b'',b'359',b'0',b'',b'',b'',b'',b'994.5',b'1002.0',b'10.36',b'',b'',b'',b'',b'',b'',b'',b'',b'',b'',b'12.6',b'L'
b'182',b'KHAGRACHHARI_HILL',b'DIGHINALA_ROAD',b'2020-09-04',b'17:00:00',b'0',b'27.6',b'',b'',b'',b'',b'150',b'0',b'',b'',b'',b'',b'994.3',b'1001.8',b'10.36',b'',b'',b'',b'',b'',b'',b'',b'',b'',b'',b'12.5',b'L'
b'183',b'KHAGRACHHARI_HILL',b'DIGHINALA_ROAD',b'2020-09-04',b'18:00:00',b'0',b'27.6',b'',b'',b'',b'',b'359',b'0',b'',b'',b'',b'',b'994.5',b'1002.0',b'10.36',b'',b'',b'',b'',b'',b'',b'',b'',b'',b'',b'12.5',b'L'
b'184',b'KHAGRACHHARI_HILL',b'DIGHINALA_ROAD',b'2020-09-04',b'19:00:00',b'0',b'27.5',b'',b'',b'',b'',b'025',b'0',b'',b'',b'',b'',b'994.3',b'1001.8',b'10.36',b'',b'',b'',b'',b'',b'',b'',b'',b'',b'',b'12.5',b'L'
b'185',b'KHAGRACHHARI_HILL',b'DIGHINALA_ROAD',b'2020-09-04',b'20:00:00',b'0',b'27.3',b'',b'',b'',b'',b'114',b'0',b'',b'',b'',b'',b'993.9',b'1001.4',b'10.36',b'',b'',b'',b'',b'',b'',b'',b'',b'',b'',b'12.5',b'L'
b'186',b'KHAGRACHHARI_HILL',b'DIGHINALA_ROAD',b'2020-09-04',b'21:00:00',b'0',b'26.9',b'',b'',b'',b'',b'204',b'0',b'',b'',b'',b'',b'994.1',b'1001.6',b'00.00',b'',b'',b'',b'',b'',b'',b'',b'',b'',b'',b'12.5',b'L'
b'187',b'KHAGRACHHARI_HILL',b'DIGHINALA_ROAD',b'2020-09-04',b'22:00:00',b'0',b'26.8',b'',b'',b'1',b'',b'134',b'0',b'',b'',b'',b'',b'994.2',b'1001.7',b'00.00',b'',b'',b'',b'',b'',b'',b'',b'',b'',b'',b'12.4',b'L'
b'188',b'KHAGRACHHARI_HILL',b'DIGHINALA_ROAD',b'2020-09-04',b'23:00:00',b'0',b'26.4',b'',b'',b'',b'',b'181',b'0',b'',b'',b'',b'',b'994.4',b'1001.9',b'00.00',b'',b'',b'',b'',b'',b'',b'',b'',b'',b'',b'12.4',b'L'
b'189',b'KHAGRACHHARI_HILL',b'DIGHINALA_ROAD',b'2020-09-05',b'00:00:00',b'0',b'26.3',b'',b'',b'',b'',b'359',b'0',b'',b'',b'',b'',b'994.6',b'1002.1',b'00.00',b'',b'',b'',b'',b'',b'',b'',b'',b'',b'',b'12.4',b'L'
b'190',b'KHAGRACHHARI_HILL',b'DIGHINALA_ROAD',b'2020-09-05',b'01:00:00',b'0',b'27.2',b'',b'',b'',b'',b'298',b'0',b'',b'',b'',b'',b'995.9',b'1003.4',b'00.19',b'',b'',b'',b'',b'',b'',b'',b'',b'',b'',b'12.7',b'L'
b'191',b'KHAGRACHHARI_HILL',b'DIGHINALA_ROAD',b'2020-09-05',b'02:00:00',b'0',b'29.0',b'',b'',b'',b'',b'094',b'1',b'',b'',b'',b'',b'996.6',b'1004.1',b'01.19',b'',b'',b'',b'',b'',b'',b'',b'',b'',b'',b'14.1',b'L'
b'192',b'KHAGRACHHARI_HILL',b'DIGHINALA_ROAD',b'2020-09-05',b'03:00:00',b'0',b'29.7',b'26.2',b'',b'',b'',b'186',b'1',b'',b'',b'',b'',b'996.5',b'1004.0',b'02.20',b'',b'',b'',b'',b'',b'',b'',b'',b'',b'',b'14.2',b'L'
b'193',b'KHAGRACHHARI_HILL',b'DIGHINALA_ROAD',b'2020-09-05',b'04:00:00',b'0',b'30.5',b'',b'',b'',b'',b'359',b'0',b'',b'',b'',b'',b'996.6',b'1004.1',b'03.19',b'',b'',b'',b'',b'',b'',b'',b'',b'',b'',b'14.7',b'L'
b'194',b'KHAGRACHHARI_HILL',b'DIGHINALA_ROAD',b'2020-09-05',b'05:00:00',b'0',b'31.3',b'',b'',b'',b'',b'279',b'0',b'',b'',b'',b'',b'996.3',b'1003.7',b'04.19',b'',b'',b'',b'',b'',b'',b'',b'',b'',b'',b'14.9',b'L'
b'195',b'KHAGRACHHARI_HILL',b'DIGHINALA_ROAD',b'2020-09-05',b'06:00:00',b'0',b'32.0',b'',b'',b'',b'',b'122',b'1',b'',b'',b'',b'',b'995.3',b'1002.7',b'05.19',b'',b'',b'',b'',b'',b'',b'',b'',b'',b'',b'15.1',b'L'
b'196',b'KHAGRACHHARI_HILL',b'DIGHINALA_ROAD',b'2020-09-05',b'07:00:00',b'0',b'32.6',b'',b'',b'',b'',b'237',b'0',b'',b'',b'',b'',b'994.3',b'1001.7',b'06.19',b'',b'',b'',b'',b'',b'',b'',b'',b'',b'',b'15.1',b'L'
b'197',b'KHAGRACHHARI_HILL',b'DIGHINALA_ROAD',b'2020-09-05',b'08:00:00',b'0',b'33.0',b'',b'',b'',b'',b'258',b'1',b'',b'',b'',b'',b'993.0',b'1000.4',b'07.19',b'',b'',b'',b'',b'',b'',b'',b'',b'',b'',b'15.2',b'L'
b'198',b'KHAGRACHHARI_HILL',b'DIGHINALA_ROAD',b'2020-09-05',b'09:00:00',b'0',b'32.2',b'',b'',b'',b'',b'200',b'1',b'',b'',b'',b'',b'991.6',b'999.0',b'08.19',b'',b'',b'',b'',b'',b'',b'',b'',b'',b'',b'15.0',b'L'
b'199',b'KHAGRACHHARI_HILL',b'DIGHINALA_ROAD',b'2020-09-05',b'10:00:00',b'0',b'32.1',b'',b'',b'',b'',b'240',b'0',b'',b'',b'',b'',b'991.4',b'998.8',b'09.19',b'',b'',b'',b'',b'',b'',b'',b'',b'',b'',b'14.4',b'L'
b'200',b'KHAGRACHHARI_HILL',b'DIGHINALA_ROAD',b'2020-09-05',b'11:00:00',b'0',b'31.6',b'',b'',b'',b'',b'251',b'0',b'',b'',b'',b'',b'991.3',b'998.7',b'10.15',b'',b'',b'',b'',b'',b'',b'',b'',b'',b'',b'14.1',b'L'
b'201',b'KHAGRACHHARI_HILL',b'DIGHINALA_ROAD',b'2020-09-05',b'12:00:00',b'0',b'30.2',b'',b'33.2',b'',b'',b'359',b'0',b'',b'',b'',b'',b'991.3',b'998.7',b'10.28',b'',b'',b'',b'',b'',b'',b'',b'',b'',b'',b'13.2',b'L'
b'202',b'KHAGRACHHARI_HILL',b'DIGHINALA_ROAD',b'2020-09-06',b'12:00:00',b'0',b'30.2',b'',b'',b'',b'',b'359',b'0',b'',b'',b'',b'',b'991.3',b'998.7',b'10.28',b'',b'',b'',b'',b'',b'',b'',b'',b'',b'',b'13.2',b'L'
b'203',b'KHAGRACHHARI_HILL',b'DIGHINALA_ROAD',b'2020-09-06',b'14:00:00',b'0',b'27.8',b'',b'',b'',b'',b'359',b'0',b'',b'',b'',b'',b'993.6',b'1001.1',b'00.00',b'',b'',b'',b'',b'',b'',b'',b'',b'',b'',b'12.6',b'L'
b'204',b'KHAGRACHHARI_HILL',b'DIGHINALA_ROAD',b'2020-09-06',b'15:00:00',b'0',b'27.3',b'',b'',b'',b'',b'189',b'0',b'',b'',b'',b'',b'994.6',b'1002.1',b'00.00',b'',b'',b'',b'',b'',b'',b'',b'',b'',b'',b'12.6',b'L'
b'205',b'KHAGRACHHARI_HILL',b'DIGHINALA_ROAD',b'2020-09-06',b'16:00:00',b'0',b'26.8',b'',b'',b'',b'',b'190',b'0',b'',b'',b'',b'',b'995.1',b'1002.6',b'00.00',b'',b'',b'',b'',b'',b'',b'',b'',b'',b'',b'12.5',b'L'
b'206',b'KHAGRACHHARI_HILL',b'DIGHINALA_ROAD',b'2020-09-06',b'17:00:00',b'0',b'26.5',b'',b'',b'',b'',b'359',b'0',b'',b'',b'',b'',b'994.7',b'1002.2',b'00.00',b'',b'',b'',b'',b'',b'',b'',b'',b'',b'',b'12.5',b'L'
b'207',b'KHAGRACHHARI_HILL',b'DIGHINALA_ROAD',b'2020-09-06',b'18:00:00',b'0',b'26.3',b'',b'',b'',b'',b'096',b'0',b'',b'',b'',b'',b'994.5',b'1002.0',b'00.00',b'',b'',b'',b'',b'',b'',b'',b'',b'',b'',b'12.4',b'L'
b'208',b'KHAGRACHHARI_HILL',b'DIGHINALA_ROAD',b'2020-09-06',b'19:00:00',b'0',b'26.1',b'',b'',b'',b'',b'359',b'0',b'',b'',b'',b'',b'994.3',b'1001.8',b'00.00',b'',b'',b'',b'',b'',b'',b'',b'',b'',b'',b'12.4',b'L'
b'209',b'KHAGRACHHARI_HILL',b'DIGHINALA_ROAD',b'2020-09-06',b'20:00:00',b'0',b'26.0',b'',b'',b'',b'',b'359',b'0',b'',b'',b'',b'',b'993.8',b'1001.3',b'00.00',b'',b'',b'',b'',b'',b'',b'',b'',b'',b'',b'12.4',b'L'
b'210',b'KHAGRACHHARI_HILL',b'DIGHINALA_ROAD',b'2020-09-06',b'21:00:00',b'0',b'26.0',b'',b'',b'',b'',b'359',b'0',b'',b'',b'',b'',b'993.9',b'1001.4',b'00.00',b'',b'',b'',b'',b'',b'',b'',b'',b'',b'',b'12.4',b'L'
b'211',b'KHAGRACHHARI_HILL',b'DIGHINALA_ROAD',b'2020-09-06',b'22:00:00',b'0',b'26.2',b'',b'',b'',b'',b'359',b'0',b'',b'',b'',b'',b'994.0',b'1001.5',b'00.00',b'',b'',b'',b'',b'',b'',b'',b'',b'',b'',b'12.4',b'L'
b'212',b'KHAGRACHHARI_HILL',b'DIGHINALA_ROAD',b'2020-09-06',b'23:00:00',b'0',b'25.9',b'',b'',b'',b'',b'359',b'0',b'',b'',b'',b'',b'994.4',b'1001.9',b'00.00',b'',b'',b'',b'',b'',b'',b'',b'',b'',b'',b'12.4',b'L'
b'213',b'KHAGRACHHARI_HILL',b'DIGHINALA_ROAD',b'2020-09-07',b'00:00:00',b'0',b'25.7',b'',b'',b'',b'',b'080',b'1',b'',b'',b'',b'',b'995.1',b'1002.7',b'00.00',b'',b'',b'',b'',b'',b'',b'',b'',b'',b'',b'12.4',b'L'
b'214',b'KHAGRACHHARI_HILL',b'DIGHINALA_ROAD',b'2020-09-07',b'01:00:00',b'0',b'26.1',b'',b'',b'',b'',b'206',b'1',b'',b'',b'',b'',b'995.3',b'1002.9',b'00.09',b'',b'',b'',b'',b'',b'',b'',b'',b'',b'',b'12.5',b'L'
b'215',b'KHAGRACHHARI_HILL',b'DIGHINALA_ROAD',b'2020-09-07',b'02:00:00',b'0',b'26.3',b'',b'',b'',b'',b'144',b'0',b'',b'',b'',b'',b'995.8',b'1003.3',b'00.51',b'',b'',b'',b'',b'',b'',b'',b'',b'',b'',b'12.7',b'L'
b'216',b'KHAGRACHHARI_HILL',b'DIGHINALA_ROAD',b'2020-09-07',b'03:00:00',b'0',b'27.2',b'25.7',b'',b'',b'',b'193',b'1',b'',b'',b'',b'',b'996.2',b'1003.7',b'01.52',b'',b'',b'',b'',b'',b'',b'',b'',b'',b'',b'14.3',b'L'
b'217',b'KHAGRACHHARI_HILL',b'DIGHINALA_ROAD',b'2020-09-07',b'04:00:00',b'0',b'29.1',b'',b'',b'',b'',b'166',b'1',b'',b'',b'',b'',b'996.0',b'1003.5',b'02.51',b'',b'',b'',b'',b'',b'',b'',b'',b'',b'',b'15.0',b'L'
b'218',b'KHAGRACHHARI_HILL',b'DIGHINALA_ROAD',b'2020-09-07',b'05:00:00',b'0',b'30.2',b'',b'',b'',b'',b'206',b'1',b'',b'',b'',b'',b'995.7',b'1003.2',b'03.52',b'',b'',b'',b'',b'',b'',b'',b'',b'',b'',b'14.9',b'L'
b'219',b'KHAGRACHHARI_HILL',b'DIGHINALA_ROAD',b'2020-09-07',b'06:00:00',b'0',b'31.7',b'',b'',b'',b'',b'114',b'1',b'',b'',b'',b'',b'994.7',b'1002.1',b'04.51',b'',b'',b'',b'',b'',b'',b'',b'',b'',b'',b'15.0',b'L'
b'220',b'KHAGRACHHARI_HILL',b'DIGHINALA_ROAD',b'2020-09-07',b'07:00:00',b'0',b'32.0',b'',b'',b'',b'',b'279',b'0',b'',b'',b'',b'',b'993.8',b'1001.2',b'05.51',b'',b'',b'',b'',b'',b'',b'',b'',b'',b'',b'14.8',b'L'
b'221',b'KHAGRACHHARI_HILL',b'DIGHINALA_ROAD',b'2020-09-07',b'08:00:00',b'0',b'28.5',b'',b'',b'',b'',b'063',b'2',b'',b'',b'',b'',b'993.3',b'1000.8',b'06.44',b'',b'',b'',b'',b'',b'',b'',b'',b'',b'',b'14.1',b'L'
b'222',b'KHAGRACHHARI_HILL',b'DIGHINALA_ROAD',b'2020-09-07',b'09:00:00',b'0',b'27.7',b'',b'',b'',b'',b'045',b'1',b'',b'',b'',b'',b'992.7',b'1000.2',b'07.44',b'',b'',b'',b'',b'',b'',b'',b'',b'',b'',b'13.6',b'L'
b'223',b'KHAGRACHHARI_HILL',b'DIGHINALA_ROAD',b'2020-09-07',b'10:00:00',b'0',b'29.6',b'',b'',b'',b'',b'359',b'0',b'',b'',b'',b'',b'991.7',b'999.1',b'08.44',b'',b'',b'',b'',b'',b'',b'',b'',b'',b'',b'14.5',b'L'
b'224',b'KHAGRACHHARI_HILL',b'DIGHINALA_ROAD',b'2020-09-07',b'11:00:00',b'0',b'31.2',b'',b'',b'',b'',b'227',b'0',b'',b'',b'',b'',b'992.8',b'1000.2',b'09.19',b'',b'',b'',b'',b'',b'',b'',b'',b'',b'',b'14.2',b'L'
b'225',b'KHAGRACHHARI_HILL',b'DIGHINALA_ROAD',b'2020-09-07',b'12:00:00',b'0',b'29.2',b'',b'32.1',b'',b'',b'071',b'0',b'',b'',b'',b'',b'992.7',b'1000.2',b'09.22',b'',b'',b'',b'',b'',b'',b'',b'',b'',b'',b'13.1',b'L'
b'226',b'KHAGRACHHARI_HILL',b'DIGHINALA_ROAD',b'2020-09-07',b'13:00:00',b'0',b'28.1',b'',b'',b'',b'',b'359',b'0',b'',b'',b'',b'',b'993.0',b'1000.5',b'09.22',b'',b'',b'',b'',b'',b'',b'',b'',b'',b'',b'12.6',b'L'
b'227',b'KHAGRACHHARI_HILL',b'DIGHINALA_ROAD',b'2020-09-07',b'14:00:00',b'0',b'27.5',b'',b'',b'',b'',b'053',b'1',b'',b'',b'',b'',b'994.4',b'1001.9',b'09.22',b'',b'',b'',b'',b'',b'',b'',b'',b'',b'',b'12.6',b'L'
b'228',b'KHAGRACHHARI_HILL',b'DIGHINALA_ROAD',b'2020-09-07',b'15:00:00',b'0',b'27.1',b'',b'',b'',b'',b'359',b'0',b'',b'',b'',b'',b'995.6',b'1003.1',b'09.22',b'',b'',b'',b'',b'',b'',b'',b'',b'',b'',b'12.5',b'L'
b'229',b'KHAGRACHHARI_HILL',b'DIGHINALA_ROAD',b'2020-09-07',b'16:00:00',b'0',b'26.7',b'',b'',b'',b'',b'359',b'0',b'',b'',b'',b'',b'996.3',b'1003.8',b'09.22',b'',b'',b'',b'',b'',b'',b'',b'',b'',b'',b'12.5',b'L'
b'230',b'KHAGRACHHARI_HILL',b'DIGHINALA_ROAD',b'2020-09-07',b'17:00:00',b'0',b'26.5',b'',b'',b'',b'',b'062',b'0',b'',b'',b'',b'',b'996.8',b'1004.4',b'09.22',b'',b'',b'',b'',b'',b'',b'',b'',b'',b'',b'12.4',b'L'
b'231',b'KHAGRACHHARI_HILL',b'DIGHINALA_ROAD',b'2020-09-07',b'18:00:00',b'0',b'26.3',b'',b'',b'',b'',b'359',b'0',b'',b'',b'',b'',b'996.4',b'1004.0',b'09.22',b'',b'',b'',b'',b'',b'',b'',b'',b'',b'',b'12.4',b'L'
b'232',b'KHAGRACHHARI_HILL',b'DIGHINALA_ROAD',b'2020-09-07',b'19:00:00',b'0',b'26.1',b'',b'',b'',b'',b'359',b'0',b'',b'',b'',b'',b'995.8',b'1003.4',b'09.22',b'',b'',b'',b'',b'',b'',b'',b'',b'',b'',b'12.4',b'L'
b'233',b'KHAGRACHHARI_HILL',b'DIGHINALA_ROAD',b'2020-09-07',b'20:00:00',b'0',b'25.9',b'',b'',b'',b'',b'227',b'0',b'',b'',b'',b'',b'995.3',b'1002.9',b'09.22',b'',b'',b'',b'',b'',b'',b'',b'',b'',b'',b'12.4',b'L'
b'234',b'KHAGRACHHARI_HILL',b'DIGHINALA_ROAD',b'2020-09-07',b'21:00:00',b'0',b'26.0',b'',b'',b'',b'',b'114',b'0',b'',b'',b'',b'',b'995.2',b'1002.8',b'00.00',b'',b'',b'',b'',b'',b'',b'',b'',b'',b'',b'12.4',b'L'
b'235',b'KHAGRACHHARI_HILL',b'DIGHINALA_ROAD',b'2020-09-07',b'23:00:00',b'0',b'26.3',b'',b'',b'',b'',b'107',b'1',b'',b'',b'',b'',b'995.5',b'1003.0',b'00.00',b'',b'',b'',b'',b'',b'',b'',b'',b'',b'',b'12.4',b'L'
b'236',b'KHAGRACHHARI_HILL',b'DIGHINALA_ROAD',b'2020-09-08',b'00:00:00',b'0',b'26.3',b'',b'',b'',b'',b'114',b'0',b'',b'',b'',b'',b'995.6',b'1003.1',b'00.00',b'',b'',b'',b'',b'',b'',b'',b'',b'',b'',b'12.4',b'L'
b'237',b'KHAGRACHHARI_HILL',b'DIGHINALA_ROAD',b'2020-09-08',b'01:00:00',b'0',b'26.8',b'',b'',b'',b'',b'359',b'0',b'',b'',b'',b'',b'996.3',b'1003.8',b'00.19',b'',b'',b'',b'',b'',b'',b'',b'',b'',b'',b'12.6',b'L'
b'238',b'KHAGRACHHARI_HILL',b'DIGHINALA_ROAD',b'2020-09-08',b'02:00:00',b'0',b'27.4',b'',b'',b'',b'',b'217',b'1',b'',b'',b'',b'',b'996.7',b'1004.2',b'01.19',b'',b'',b'',b'',b'',b'',b'',b'',b'',b'',b'13.3',b'L'
b'239',b'KHAGRACHHARI_HILL',b'DIGHINALA_ROAD',b'2020-09-08',b'03:00:00',b'0',b'28.9',b'25.9',b'',b'',b'',b'208',b'1',b'',b'',b'',b'',b'996.8',b'1004.3',b'02.20',b'',b'',b'',b'',b'',b'',b'',b'',b'',b'',b'14.6',b'L'
b'240',b'KHAGRACHHARI_HILL',b'DIGHINALA_ROAD',b'2020-09-08',b'04:00:00',b'0',b'30.2',b'',b'',b'',b'',b'284',b'1',b'',b'',b'',b'',b'996.8',b'1004.3',b'03.19',b'',b'',b'',b'',b'',b'',b'',b'',b'',b'',b'15.2',b'L'
b'241',b'KHAGRACHHARI_HILL',b'DIGHINALA_ROAD',b'2020-09-08',b'05:00:00',b'0',b'31.0',b'',b'',b'',b'',b'312',b'1',b'',b'',b'',b'',b'996.5',b'1003.9',b'04.19',b'',b'',b'',b'',b'',b'',b'',b'',b'',b'',b'15.2',b'L'
b'242',b'KHAGRACHHARI_HILL',b'DIGHINALA_ROAD',b'2020-09-08',b'06:00:00',b'0',b'33.0',b'',b'',b'',b'',b'267',b'0',b'',b'',b'',b'',b'995.7',b'1003.1',b'05.19',b'',b'',b'',b'',b'',b'',b'',b'',b'',b'',b'15.2',b'L'
b'243',b'KHAGRACHHARI_HILL',b'DIGHINALA_ROAD',b'2020-09-08',b'07:00:00',b'0',b'33.0',b'',b'',b'',b'',b'128',b'1',b'',b'',b'',b'',b'994.9',b'1002.3',b'06.19',b'',b'',b'',b'',b'',b'',b'',b'',b'',b'',b'15.2',b'L'
b'244',b'KHAGRACHHARI_HILL',b'DIGHINALA_ROAD',b'2020-09-08',b'08:00:00',b'0',b'33.0',b'',b'',b'',b'',b'096',b'1',b'',b'',b'',b'',b'993.6',b'1001.0',b'07.20',b'',b'',b'',b'',b'',b'',b'',b'',b'',b'',b'15.2',b'L'
b'245',b'KHAGRACHHARI_HILL',b'DIGHINALA_ROAD',b'2020-09-08',b'09:00:00',b'0',b'33.3',b'',b'',b'',b'',b'094',b'1',b'',b'',b'',b'',b'992.5',b'999.9',b'08.20',b'',b'',b'',b'',b'',b'',b'',b'',b'',b'',b'15.2',b'L'
b'246',b'KHAGRACHHARI_HILL',b'DIGHINALA_ROAD',b'2020-09-08',b'10:00:00',b'0',b'32.7',b'',b'',b'',b'',b'130',b'1',b'',b'',b'',b'',b'992.3',b'999.7',b'09.20',b'',b'',b'',b'',b'',b'',b'',b'',b'',b'',b'14.9',b'L'
b'247',b'KHAGRACHHARI_HILL',b'DIGHINALA_ROAD',b'2020-09-08',b'11:00:00',b'0',b'31.8',b'',b'',b'',b'',b'359',b'0',b'',b'',b'',b'',b'992.3',b'999.7',b'10.00',b'',b'',b'',b'',b'',b'',b'',b'',b'',b'',b'13.9',b'L'
b'248',b'KHAGRACHHARI_HILL',b'DIGHINALA_ROAD',b'2020-09-08',b'12:00:00',b'0',b'30.6',b'',b'33.9',b'',b'',b'272',b'0',b'',b'',b'',b'',b'992.5',b'999.9',b'10.00',b'',b'',b'',b'',b'',b'',b'',b'',b'',b'',b'13.1',b'L'
b'249',b'KHAGRACHHARI_HILL',b'DIGHINALA_ROAD',b'2020-09-08',b'13:00:00',b'0',b'29.6',b'',b'',b'',b'',b'359',b'0',b'',b'',b'',b'',b'993.4',b'1000.8',b'10.00',b'',b'',b'',b'',b'',b'',b'',b'',b'',b'',b'12.9',b'L'
b'250',b'KHAGRACHHARI_HILL',b'DIGHINALA_ROAD',b'2020-09-08',b'14:00:00',b'0',b'29.3',b'',b'',b'',b'',b'359',b'0',b'',b'',b'',b'',b'994.0',b'1001.5',b'10.00',b'',b'',b'',b'',b'',b'',b'',b'',b'',b'',b'12.7',b'L'
b'251',b'KHAGRACHHARI_HILL',b'DIGHINALA_ROAD',b'2020-09-08',b'15:00:00',b'0',b'28.9',b'',b'',b'',b'',b'359',b'0',b'',b'',b'',b'',b'995.1',b'1002.6',b'10.00',b'',b'',b'',b'',b'',b'',b'',b'',b'',b'',b'12.7',b'L'
b'252',b'KHAGRACHHARI_HILL',b'DIGHINALA_ROAD',b'2020-09-08',b'16:00:00',b'0',b'28.1',b'',b'',b'',b'',b'359',b'0',b'',b'',b'',b'',b'994.9',b'1002.4',b'10.00',b'',b'',b'',b'',b'',b'',b'',b'',b'',b'',b'12.6',b'L'
b'253',b'KHAGRACHHARI_HILL',b'DIGHINALA_ROAD',b'2020-09-08',b'17:00:00',b'0',b'27.7',b'',b'',b'',b'',b'097',b'0',b'',b'',b'',b'',b'979.8',b'987.2',b'10.00',b'',b'',b'',b'',b'',b'',b'',b'',b'',b'',b'12.5',b'L'
b'254',b'KHAGRACHHARI_HILL',b'DIGHINALA_ROAD',b'2020-09-08',b'18:00:00',b'0',b'27.4',b'',b'',b'',b'',b'187',b'0',b'',b'',b'',b'',b'994.8',b'1002.3',b'10.00',b'',b'',b'',b'',b'',b'',b'',b'',b'',b'',b'12.5',b'L'
b'255',b'KHAGRACHHARI_HILL',b'DIGHINALA_ROAD',b'2020-09-08',b'19:00:00',b'0',b'27.3',b'',b'',b'',b'',b'359',b'0',b'',b'',b'',b'',b'995.4',b'1002.9',b'10.00',b'',b'',b'',b'',b'',b'',b'',b'',b'',b'',b'12.5',b'L'
b'256',b'KHAGRACHHARI_HILL',b'DIGHINALA_ROAD',b'2020-09-08',b'20:00:00',b'0',b'27.1',b'',b'',b'',b'',b'359',b'0',b'',b'',b'',b'',b'991.6',b'999.1',b'10.00',b'',b'',b'',b'',b'',b'',b'',b'',b'',b'',b'12.5',b'L'
b'257',b'KHAGRACHHARI_HILL',b'DIGHINALA_ROAD',b'2020-09-08',b'21:00:00',b'0',b'26.6',b'',b'',b'',b'',b'059',b'2',b'',b'',b'',b'',b'995.7',b'1003.2',b'00.00',b'',b'',b'',b'',b'',b'',b'',b'',b'',b'',b'12.4',b'L'
b'258',b'KHAGRACHHARI_HILL',b'DIGHINALA_ROAD',b'2020-09-08',b'22:00:00',b'0',b'26.0',b'',b'',b'',b'',b'101',b'0',b'',b'',b'',b'',b'995.5',b'1003.1',b'00.00',b'',b'',b'',b'',b'',b'',b'',b'',b'',b'',b'12.4',b'L'
b'259',b'KHAGRACHHARI_HILL',b'DIGHINALA_ROAD',b'2020-09-08',b'23:00:00',b'0',b'25.9',b'',b'',b'',b'',b'350',b'1',b'',b'',b'',b'',b'995.3',b'1002.9',b'00.00',b'',b'',b'',b'',b'',b'',b'',b'',b'',b'',b'12.4',b'L'
b'260',b'KHAGRACHHARI_HILL',b'DIGHINALA_ROAD',b'2020-09-09',b'00:00:00',b'0',b'25.7',b'',b'',b'',b'',b'075',b'0',b'',b'',b'',b'',b'995.7',b'1003.3',b'00.00',b'',b'',b'',b'',b'',b'',b'',b'',b'',b'',b'12.4',b'L'
b'261',b'KHAGRACHHARI_HILL',b'DIGHINALA_ROAD',b'2020-09-09',b'01:00:00',b'0',b'26.6',b'',b'',b'',b'',b'058',b'1',b'',b'',b'',b'',b'996.0',b'1003.5',b'00.26',b'',b'',b'',b'',b'',b'',b'',b'',b'',b'',b'12.7',b'L'
b'262',b'KHAGRACHHARI_HILL',b'DIGHINALA_ROAD',b'2020-09-09',b'02:00:00',b'0',b'28.6',b'',b'',b'',b'',b'157',b'0',b'',b'',b'',b'',b'995.9',b'1003.4',b'01.26',b'',b'',b'',b'',b'',b'',b'',b'',b'',b'',b'14.2',b'L'
b'263',b'KHAGRACHHARI_HILL',b'DIGHINALA_ROAD',b'2020-09-09',b'03:00:00',b'0',b'30.6',b'25.7',b'',b'',b'',b'033',b'1',b'',b'',b'',b'',b'996.4',b'1003.8',b'02.26',b'',b'',b'',b'',b'',b'',b'',b'',b'',b'',b'15.2',b'L'
b'264',b'KHAGRACHHARI_HILL',b'DIGHINALA_ROAD',b'2020-09-09',b'04:00:00',b'0',b'31.8',b'',b'',b'',b'',b'141',b'1',b'',b'',b'',b'',b'996.2',b'1003.6',b'03.26',b'',b'',b'',b'',b'',b'',b'',b'',b'',b'',b'15.2',b'L'
b'265',b'KHAGRACHHARI_HILL',b'DIGHINALA_ROAD',b'2020-09-09',b'05:00:00',b'0',b'32.8',b'',b'',b'',b'',b'133',b'1',b'',b'',b'',b'',b'995.7',b'1003.1',b'04.26',b'',b'',b'',b'',b'',b'',b'',b'',b'',b'',b'15.2',b'L'
b'266',b'KHAGRACHHARI_HILL',b'DIGHINALA_ROAD',b'2020-09-09',b'06:00:00',b'0',b'33.7',b'',b'',b'',b'',b'076',b'1',b'',b'',b'',b'',b'994.7',b'1002.1',b'05.26',b'',b'',b'',b'',b'',b'',b'',b'',b'',b'',b'15.2',b'L'
b'267',b'KHAGRACHHARI_HILL',b'DIGHINALA_ROAD',b'2020-09-09',b'07:00:00',b'0',b'32.2',b'',b'',b'',b'',b'034',b'2',b'',b'',b'',b'',b'993.3',b'1000.7',b'06.26',b'',b'',b'',b'',b'',b'',b'',b'',b'',b'',b'15.1',b'L'
b'268',b'KHAGRACHHARI_HILL',b'DIGHINALA_ROAD',b'2020-09-09',b'08:00:00',b'0',b'33.6',b'',b'',b'',b'',b'299',b'0',b'',b'',b'',b'',b'991.9',b'999.2',b'07.26',b'',b'',b'',b'',b'',b'',b'',b'',b'',b'',b'15.2',b'L'
b'269',b'KHAGRACHHARI_HILL',b'DIGHINALA_ROAD',b'2020-09-09',b'09:00:00',b'0',b'34.0',b'',b'',b'',b'',b'281',b'1',b'',b'',b'',b'',b'991.0',b'998.3',b'08.26',b'',b'',b'',b'',b'',b'',b'',b'',b'',b'',b'15.2',b'L'
b'270',b'KHAGRACHHARI_HILL',b'DIGHINALA_ROAD',b'2020-09-09',b'10:00:00',b'0',b'33.1',b'',b'',b'',b'',b'228',b'2',b'',b'',b'',b'',b'990.7',b'998.0',b'09.26',b'',b'',b'',b'',b'',b'',b'',b'',b'',b'',b'15.2',b'L'
b'271',b'KHAGRACHHARI_HILL',b'DIGHINALA_ROAD',b'2020-09-09',b'11:00:00',b'0',b'29.6',b'',b'',b'',b'',b'196',b'1',b'',b'',b'',b'',b'990.8',b'998.2',b'10.16',b'',b'',b'',b'',b'',b'',b'',b'',b'',b'',b'14.2',b'L'
b'272',b'KHAGRACHHARI_HILL',b'DIGHINALA_ROAD',b'2020-09-09',b'12:00:00',b'0',b'28.7',b'',b'34.1',b'',b'',b'174',b'0',b'',b'',b'',b'',b'991.4',b'998.9',b'10.26',b'',b'',b'',b'',b'',b'',b'',b'',b'',b'',b'13.1',b'L'
b'273',b'KHAGRACHHARI_HILL',b'DIGHINALA_ROAD',b'2020-09-09',b'13:00:00',b'0',b'28.3',b'',b'',b'',b'',b'225',b'0',b'',b'',b'',b'',b'992.4',b'999.9',b'10.26',b'',b'',b'',b'',b'',b'',b'',b'',b'',b'',b'12.8',b'L'
b'274',b'KHAGRACHHARI_HILL',b'DIGHINALA_ROAD',b'2020-09-09',b'14:00:00',b'0',b'28.2',b'',b'',b'',b'',b'138',b'1',b'',b'',b'',b'',b'993.0',b'1000.5',b'10.26',b'',b'',b'',b'',b'',b'',b'',b'',b'',b'',b'12.7',b'L'
b'275',b'KHAGRACHHARI_HILL',b'DIGHINALA_ROAD',b'2020-09-09',b'15:00:00',b'0',b'28.0',b'',b'',b'',b'',b'208',b'1',b'',b'',b'',b'',b'994.1',b'1001.6',b'10.26',b'',b'',b'',b'',b'',b'',b'',b'',b'',b'',b'12.6',b'L'
b'276',b'KHAGRACHHARI_HILL',b'DIGHINALA_ROAD',b'2020-09-09',b'16:00:00',b'0',b'27.8',b'',b'',b'',b'',b'181',b'1',b'',b'',b'',b'',b'994.9',b'1002.4',b'10.26',b'',b'',b'',b'',b'',b'',b'',b'',b'',b'',b'12.6',b'L'
b'277',b'KHAGRACHHARI_HILL',b'DIGHINALA_ROAD',b'2020-09-09',b'17:00:00',b'0',b'27.4',b'',b'',b'',b'',b'097',b'0',b'',b'',b'',b'',b'994.9',b'1002.4',b'10.26',b'',b'',b'',b'',b'',b'',b'',b'',b'',b'',b'12.5',b'L'
b'278',b'KHAGRACHHARI_HILL',b'DIGHINALA_ROAD',b'2020-09-09',b'18:00:00',b'0',b'27.2',b'',b'',b'',b'',b'166',b'1',b'',b'',b'',b'',b'994.4',b'1001.9',b'10.26',b'',b'',b'',b'',b'',b'',b'',b'',b'',b'',b'12.5',b'L'
b'279',b'KHAGRACHHARI_HILL',b'DIGHINALA_ROAD',b'2020-09-09',b'19:00:00',b'0',b'27.0',b'',b'',b'',b'',b'153',b'1',b'',b'',b'',b'',b'994.2',b'1001.7',b'10.26',b'',b'',b'',b'',b'',b'',b'',b'',b'',b'',b'12.5',b'L'
b'280',b'KHAGRACHHARI_HILL',b'DIGHINALA_ROAD',b'2020-09-09',b'20:00:00',b'0',b'26.9',b'',b'',b'',b'',b'197',b'1',b'',b'',b'',b'',b'993.4',b'1000.9',b'10.26',b'',b'',b'',b'',b'',b'',b'',b'',b'',b'',b'12.5',b'L'
b'281',b'KHAGRACHHARI_HILL',b'DIGHINALA_ROAD',b'2020-09-09',b'21:00:00',b'0',b'26.2',b'',b'',b'',b'',b'115',b'0',b'',b'',b'',b'',b'993.1',b'1000.6',b'00.00',b'',b'',b'',b'',b'',b'',b'',b'',b'',b'',b'12.4',b'L'
b'282',b'KHAGRACHHARI_HILL',b'DIGHINALA_ROAD',b'2020-09-09',b'22:00:00',b'0',b'26.2',b'',b'',b'',b'',b'359',b'0',b'',b'',b'',b'',b'993.3',b'1000.8',b'00.00',b'',b'',b'',b'',b'',b'',b'',b'',b'',b'',b'12.4',b'L'
b'283',b'KHAGRACHHARI_HILL',b'DIGHINALA_ROAD',b'2020-09-09',b'23:00:00',b'0',b'26.1',b'',b'',b'',b'',b'125',b'1',b'',b'',b'',b'',b'993.4',b'1000.9',b'00.00',b'',b'',b'',b'',b'',b'',b'',b'',b'',b'',b'12.4',b'L'
b'284',b'KHAGRACHHARI_HILL',b'DIGHINALA_ROAD',b'2020-09-10',b'00:00:00',b'0',b'26.3',b'',b'',b'',b'',b'086',b'1',b'',b'',b'',b'',b'993.3',b'1000.8',b'00.00',b'',b'',b'',b'',b'',b'',b'',b'',b'',b'',b'12.4',b'L'
b'285',b'KHAGRACHHARI_HILL',b'DIGHINALA_ROAD',b'2020-09-10',b'01:00:00',b'0',b'26.7',b'',b'',b'',b'',b'190',b'1',b'',b'',b'',b'',b'993.6',b'1001.1',b'00.26',b'',b'',b'',b'',b'',b'',b'',b'',b'',b'',b'12.7',b'L'
b'286',b'KHAGRACHHARI_HILL',b'DIGHINALA_ROAD',b'2020-09-10',b'02:00:00',b'0',b'27.8',b'',b'',b'',b'',b'209',b'1',b'',b'',b'',b'',b'993.9',b'1001.4',b'01.26',b'',b'',b'',b'',b'',b'',b'',b'',b'',b'',b'13.8',b'L'
b'287',b'KHAGRACHHARI_HILL',b'DIGHINALA_ROAD',b'2020-09-10',b'03:00:00',b'0',b'29.1',b'26.1',b'',b'',b'',b'181',b'2',b'',b'',b'',b'',b'993.7',b'1001.2',b'02.26',b'',b'',b'',b'',b'',b'',b'',b'',b'',b'',b'15.0',b'L'
b'288',b'KHAGRACHHARI_HILL',b'DIGHINALA_ROAD',b'2020-09-10',b'04:00:00',b'0',b'30.2',b'',b'',b'',b'',b'221',b'1',b'',b'',b'',b'',b'993.4',b'1000.8',b'03.26',b'',b'',b'',b'',b'',b'',b'',b'',b'',b'',b'15.2',b'L'
b'289',b'KHAGRACHHARI_HILL',b'DIGHINALA_ROAD',b'2020-09-10',b'05:00:00',b'0',b'31.3',b'',b'',b'',b'',b'117',b'1',b'',b'',b'',b'',b'993.1',b'1000.5',b'04.26',b'',b'',b'',b'',b'',b'',b'',b'',b'',b'',b'15.2',b'L'
b'290',b'KHAGRACHHARI_HILL',b'DIGHINALA_ROAD',b'2020-09-10',b'06:00:00',b'0',b'31.0',b'',b'',b'',b'',b'128',b'2',b'',b'',b'',b'',b'992.3',b'999.7',b'05.26',b'',b'',b'',b'',b'',b'',b'',b'',b'',b'',b'15.1',b'L'
b'291',b'KHAGRACHHARI_HILL',b'DIGHINALA_ROAD',b'2020-09-10',b'07:00:00',b'0',b'30.5',b'',b'',b'',b'',b'192',b'3',b'',b'',b'',b'',b'991.3',b'998.7',b'06.22',b'',b'',b'',b'',b'',b'',b'',b'',b'',b'',b'14.6',b'L'
b'292',b'KHAGRACHHARI_HILL',b'DIGHINALA_ROAD',b'2020-09-10',b'08:00:00',b'0',b'29.0',b'',b'',b'',b'',b'359',b'0',b'',b'',b'',b'',b'990.3',b'997.7',b'07.18',b'',b'',b'',b'',b'',b'',b'',b'',b'',b'',b'14.1',b'L'
b'293',b'KHAGRACHHARI_HILL',b'DIGHINALA_ROAD',b'2020-09-10',b'10:00:00',b'0',b'30.1',b'',b'',b'',b'',b'235',b'1',b'',b'',b'',b'',b'950.0',b'957.1',b'09.19',b'',b'',b'',b'',b'',b'',b'',b'',b'',b'',b'14.3',b'L'
b'294',b'KHAGRACHHARI_HILL',b'DIGHINALA_ROAD',b'2020-09-10',b'11:00:00',b'0',b'29.7',b'',b'',b'',b'',b'209',b'0',b'',b'',b'',b'',b'950.0',b'957.1',b'10.19',b'',b'',b'',b'',b'',b'',b'',b'',b'',b'',b'13.9',b'L'
b'295',b'KHAGRACHHARI_HILL',b'DIGHINALA_ROAD',b'2020-09-10',b'12:00:00',b'0',b'28.7',b'',b'31.8',b'',b'',b'166',b'0',b'',b'',b'',b'',b'990.1',b'997.5',b'10.24',b'',b'',b'',b'',b'',b'',b'',b'',b'',b'',b'13.1',b'L'
b'296',b'KHAGRACHHARI_HILL',b'DIGHINALA_ROAD',b'2020-09-10',b'14:00:00',b'0',b'27.5',b'',b'',b'',b'',b'196',b'0',b'',b'',b'',b'',b'1000.0',b'1007.6',b'10.24',b'',b'',b'',b'',b'',b'',b'',b'',b'',b'',b'12.6',b'L'
b'297',b'KHAGRACHHARI_HILL',b'DIGHINALA_ROAD',b'2020-09-10',b'15:00:00',b'0',b'27.4',b'',b'',b'',b'',b'359',b'0',b'',b'',b'',b'',b'1000.0',b'1007.6',b'10.24',b'',b'',b'',b'',b'',b'',b'',b'',b'',b'',b'12.5',b'L'
b'298',b'KHAGRACHHARI_HILL',b'DIGHINALA_ROAD',b'2020-09-10',b'17:00:00',b'0',b'26.9',b'',b'',b'',b'',b'236',b'0',b'',b'',b'',b'',b'1000.0',b'1007.6',b'10.24',b'',b'',b'',b'',b'',b'',b'',b'',b'',b'',b'12.5',b'L'
b'299',b'KHAGRACHHARI_HILL',b'DIGHINALA_ROAD',b'2020-09-10',b'18:00:00',b'0',b'26.6',b'',b'',b'',b'',b'207',b'1',b'',b'',b'',b'',b'1000.0',b'1007.6',b'10.24',b'',b'',b'',b'',b'',b'',b'',b'',b'',b'',b'12.5',b'L'
b'300',b'KHAGRACHHARI_HILL',b'DIGHINALA_ROAD',b'2020-09-10',b'19:00:00',b'0',b'26.4',b'',b'',b'',b'',b'193',b'0',b'',b'',b'',b'',b'1000.0',b'1007.6',b'10.24',b'',b'',b'',b'',b'',b'',b'',b'',b'',b'',b'12.4',b'L'
b'301',b'KHAGRACHHARI_HILL',b'DIGHINALA_ROAD',b'2020-09-10',b'23:00:00',b'0',b'25.9',b'',b'',b'',b'',b'122',b'0',b'',b'',b'',b'',b'1000.0',b'1007.6',b'00.00',b'',b'',b'',b'',b'',b'',b'',b'',b'',b'',b'12.4',b'L'
b'302',b'KHAGRACHHARI_HILL',b'DIGHINALA_ROAD',b'2020-09-11',b'02:00:00',b'0',b'27.0',b'',b'',b'',b'',b'155',b'1',b'',b'',b'',b'',b'1000.0',b'1007.6',b'01.19',b'',b'',b'',b'',b'',b'',b'',b'',b'',b'',b'13.2',b'L'
b'303',b'KHAGRACHHARI_HILL',b'DIGHINALA_ROAD',b'2020-09-11',b'03:00:00',b'0',b'28.1',b'',b'',b'',b'',b'208',b'1',b'',b'',b'',b'',b'1000.0',b'1007.5',b'02.18',b'',b'',b'',b'',b'',b'',b'',b'',b'',b'',b'14.1',b'L'
b'304',b'KHAGRACHHARI_HILL',b'DIGHINALA_ROAD',b'2020-09-11',b'04:00:00',b'0',b'29.0',b'',b'',b'',b'',b'153',b'1',b'',b'',b'',b'',b'1000.0',b'1007.5',b'03.18',b'',b'',b'',b'',b'',b'',b'',b'',b'',b'',b'14.6',b'L'
b'305',b'KHAGRACHHARI_HILL',b'DIGHINALA_ROAD',b'2020-09-11',b'05:00:00',b'0',b'30.3',b'',b'',b'',b'',b'182',b'1',b'',b'',b'',b'',b'1000.0',b'1007.5',b'04.18',b'',b'',b'',b'',b'',b'',b'',b'',b'',b'',b'15.2',b'L'
b'306',b'KHAGRACHHARI_HILL',b'DIGHINALA_ROAD',b'2020-09-11',b'08:00:00',b'0',b'29.8',b'',b'',b'',b'',b'159',b'1',b'',b'',b'',b'',b'992.9',b'1000.3',b'07.07',b'',b'',b'',b'',b'',b'',b'',b'',b'',b'',b'15.1',b'L'
b'307',b'KHAGRACHHARI_HILL',b'DIGHINALA_ROAD',b'2020-09-11',b'09:00:00',b'0',b'29.4',b'',b'',b'',b'',b'203',b'1',b'',b'',b'',b'',b'992.3',b'999.7',b'08.07',b'',b'',b'',b'',b'',b'',b'',b'',b'',b'',b'14.2',b'L'
b'308',b'KHAGRACHHARI_HILL',b'DIGHINALA_ROAD',b'2020-09-11',b'10:00:00',b'0',b'28.9',b'',b'',b'',b'',b'198',b'1',b'',b'',b'',b'',b'992.1',b'999.6',b'08.29',b'',b'',b'',b'',b'',b'',b'',b'',b'',b'',b'13.5',b'L'
b'309',b'KHAGRACHHARI_HILL',b'DIGHINALA_ROAD',b'2020-09-11',b'11:00:00',b'0',b'29.6',b'',b'',b'',b'',b'204',b'1',b'',b'',b'',b'',b'992.2',b'999.6',b'09.30',b'',b'',b'',b'',b'',b'',b'',b'',b'',b'',b'14.1',b'L'
b'310',b'KHAGRACHHARI_HILL',b'DIGHINALA_ROAD',b'2020-09-11',b'12:00:00',b'0',b'28.6',b'',b'30.6',b'',b'',b'359',b'0',b'',b'',b'',b'',b'992.5',b'1000.0',b'09.38',b'',b'',b'',b'',b'',b'',b'',b'',b'',b'',b'13.0',b'L'
b'311',b'KHAGRACHHARI_HILL',b'DIGHINALA_ROAD',b'2020-09-11',b'13:00:00',b'0',b'27.3',b'',b'',b'',b'',b'359',b'0',b'',b'',b'',b'',b'993.1',b'1000.6',b'09.38',b'',b'',b'',b'',b'',b'',b'',b'',b'',b'',b'12.6',b'L'
b'312',b'KHAGRACHHARI_HILL',b'DIGHINALA_ROAD',b'2020-09-11',b'14:00:00',b'0',b'27.0',b'',b'',b'',b'',b'359',b'0',b'',b'',b'',b'',b'994.2',b'1001.7',b'09.38',b'',b'',b'',b'',b'',b'',b'',b'',b'',b'',b'12.5',b'L'
b'313',b'KHAGRACHHARI_HILL',b'DIGHINALA_ROAD',b'2020-09-11',b'15:00:00',b'0',b'26.7',b'',b'',b'',b'',b'359',b'0',b'',b'',b'',b'',b'995.4',b'1002.9',b'09.38',b'',b'',b'',b'',b'',b'',b'',b'',b'',b'',b'12.5',b'L'
b'314',b'KHAGRACHHARI_HILL',b'DIGHINALA_ROAD',b'2020-09-11',b'16:00:00',b'0',b'26.3',b'',b'',b'',b'',b'359',b'0',b'',b'',b'',b'',b'995.7',b'1003.2',b'09.38',b'',b'',b'',b'',b'',b'',b'',b'',b'',b'',b'12.5',b'L'
b'315',b'KHAGRACHHARI_HILL',b'DIGHINALA_ROAD',b'2020-09-11',b'17:00:00',b'0',b'26.0',b'',b'',b'',b'',b'359',b'0',b'',b'',b'',b'',b'995.8',b'1003.4',b'09.38',b'',b'',b'',b'',b'',b'',b'',b'',b'',b'',b'12.4',b'L'
b'316',b'KHAGRACHHARI_HILL',b'DIGHINALA_ROAD',b'2020-09-11',b'18:00:00',b'0',b'25.8',b'',b'',b'',b'',b'359',b'0',b'',b'',b'',b'',b'995.8',b'1003.4',b'09.38',b'',b'',b'',b'',b'',b'',b'',b'',b'',b'',b'12.4',b'L'
b'317',b'KHAGRACHHARI_HILL',b'DIGHINALA_ROAD',b'2020-09-11',b'19:00:00',b'0',b'25.6',b'',b'',b'',b'',b'080',b'0',b'',b'',b'',b'',b'995.5',b'1003.1',b'09.38',b'',b'',b'',b'',b'',b'',b'',b'',b'',b'',b'12.4',b'L'
b'318',b'KHAGRACHHARI_HILL',b'DIGHINALA_ROAD',b'2020-09-11',b'20:00:00',b'0',b'25.4',b'',b'',b'',b'',b'046',b'0',b'',b'',b'',b'',b'995.3',b'1002.9',b'09.38',b'',b'',b'',b'',b'',b'',b'',b'',b'',b'',b'12.4',b'L'
b'319',b'KHAGRACHHARI_HILL',b'DIGHINALA_ROAD',b'2020-09-11',b'21:00:00',b'0',b'25.5',b'',b'',b'',b'',b'359',b'0',b'',b'',b'',b'',b'995.6',b'1003.2',b'00.00',b'',b'',b'',b'',b'',b'',b'',b'',b'',b'',b'12.4',b'L'
b'320',b'KHAGRACHHARI_HILL',b'DIGHINALA_ROAD',b'2020-09-11',b'22:00:00',b'0',b'25.7',b'',b'',b'1',b'',b'066',b'0',b'',b'',b'',b'',b'995.7',b'1003.3',b'00.00',b'',b'',b'',b'',b'',b'',b'',b'',b'',b'',b'12.4',b'L'
b'321',b'KHAGRACHHARI_HILL',b'DIGHINALA_ROAD',b'2020-09-11',b'23:00:00',b'0',b'25.4',b'',b'',b'',b'',b'359',b'0',b'',b'',b'',b'',b'995.7',b'1003.3',b'00.00',b'',b'',b'',b'',b'',b'',b'',b'',b'',b'',b'12.4',b'L'
b'322',b'KHAGRACHHARI_HILL',b'DIGHINALA_ROAD',b'2020-09-12',b'00:00:00',b'0',b'25.5',b'',b'',b'',b'',b'359',b'0',b'',b'',b'',b'',b'996.0',b'1003.6',b'00.00',b'',b'',b'',b'',b'',b'',b'',b'',b'',b'',b'12.4',b'L'
b'323',b'KHAGRACHHARI_HILL',b'DIGHINALA_ROAD',b'2020-09-12',b'01:00:00',b'0',b'26.1',b'',b'',b'',b'',b'101',b'1',b'',b'',b'',b'',b'996.9',b'1004.5',b'00.09',b'',b'',b'',b'',b'',b'',b'',b'',b'',b'',b'12.5',b'L'
b'324',b'KHAGRACHHARI_HILL',b'DIGHINALA_ROAD',b'2020-09-12',b'02:00:00',b'0',b'27.3',b'',b'',b'',b'',b'204',b'1',b'',b'',b'',b'',b'997.6',b'1005.1',b'01.08',b'',b'',b'',b'',b'',b'',b'',b'',b'',b'',b'14.2',b'L'
b'325',b'KHAGRACHHARI_HILL',b'DIGHINALA_ROAD',b'2020-09-12',b'03:00:00',b'0',b'29.1',b'25.4',b'',b'',b'',b'173',b'1',b'',b'',b'',b'',b'998.1',b'1005.6',b'02.08',b'',b'',b'',b'',b'',b'',b'',b'',b'',b'',b'15.0',b'L'
b'326',b'KHAGRACHHARI_HILL',b'DIGHINALA_ROAD',b'2020-09-12',b'04:00:00',b'0',b'30.5',b'',b'',b'',b'',b'207',b'1',b'',b'',b'',b'',b'998.0',b'1005.5',b'03.09',b'',b'',b'',b'',b'',b'',b'',b'',b'',b'',b'15.1',b'L'
b'327',b'KHAGRACHHARI_HILL',b'DIGHINALA_ROAD',b'2020-09-12',b'05:00:00',b'0',b'28.8',b'',b'',b'',b'',b'233',b'1',b'',b'',b'',b'',b'997.8',b'1005.3',b'04.09',b'',b'',b'',b'',b'',b'',b'',b'',b'',b'',b'14.3',b'L'
b'328',b'KHAGRACHHARI_HILL',b'DIGHINALA_ROAD',b'2020-09-12',b'06:00:00',b'0',b'30.7',b'',b'',b'',b'',b'193',b'2',b'',b'',b'',b'',b'996.7',b'1004.1',b'05.09',b'',b'',b'',b'',b'',b'',b'',b'',b'',b'',b'15.1',b'L'
b'329',b'KHAGRACHHARI_HILL',b'DIGHINALA_ROAD',b'2020-09-12',b'07:00:00',b'0',b'28.3',b'',b'',b'',b'',b'212',b'0',b'',b'',b'',b'',b'996.2',b'1003.7',b'06.09',b'',b'',b'',b'',b'',b'',b'',b'',b'',b'',b'13.9',b'L'
b'330',b'KHAGRACHHARI_HILL',b'DIGHINALA_ROAD',b'2020-09-12',b'08:00:00',b'0',b'31.1',b'',b'',b'',b'',b'267',b'1',b'',b'',b'',b'',b'995.1',b'1002.5',b'07.08',b'',b'',b'',b'',b'',b'',b'',b'',b'',b'',b'15.2',b'L'
b'331',b'KHAGRACHHARI_HILL',b'DIGHINALA_ROAD',b'2020-09-12',b'09:00:00',b'0',b'30.1',b'',b'',b'',b'',b'122',b'1',b'',b'',b'',b'',b'994.4',b'1001.8',b'08.08',b'',b'',b'',b'',b'',b'',b'',b'',b'',b'',b'14.3',b'L'
b'332',b'KHAGRACHHARI_HILL',b'DIGHINALA_ROAD',b'2020-09-12',b'10:00:00',b'0',b'28.7',b'',b'',b'',b'',b'092',b'1',b'',b'',b'',b'',b'994.2',b'1001.7',b'08.45',b'',b'',b'',b'',b'',b'',b'',b'',b'',b'',b'13.5',b'L'
b'333',b'KHAGRACHHARI_HILL',b'DIGHINALA_ROAD',b'2020-09-12',b'11:00:00',b'0',b'28.2',b'',b'',b'',b'',b'216',b'1',b'',b'',b'',b'',b'994.3',b'1001.8',b'08.45',b'',b'',b'',b'',b'',b'',b'',b'',b'',b'',b'13.0',b'L'
b'334',b'KHAGRACHHARI_HILL',b'DIGHINALA_ROAD',b'2020-09-12',b'12:00:00',b'0',b'27.9',b'',b'31.1',b'',b'',b'114',b'1',b'',b'',b'',b'',b'994.2',b'1001.7',b'08.45',b'',b'',b'',b'',b'',b'',b'',b'',b'',b'',b'12.6',b'L'
b'335',b'KHAGRACHHARI_HILL',b'DIGHINALA_ROAD',b'2020-09-12',b'13:00:00',b'0',b'27.2',b'',b'',b'',b'',b'359',b'0',b'',b'',b'',b'',b'994.8',b'1002.3',b'08.45',b'',b'',b'',b'',b'',b'',b'',b'',b'',b'',b'12.6',b'L'
b'336',b'KHAGRACHHARI_HILL',b'DIGHINALA_ROAD',b'2020-09-12',b'14:00:00',b'0',b'26.8',b'',b'',b'',b'',b'055',b'0',b'',b'',b'',b'',b'995.7',b'1003.2',b'08.45',b'',b'',b'',b'',b'',b'',b'',b'',b'',b'',b'12.5',b'L'
b'337',b'KHAGRACHHARI_HILL',b'DIGHINALA_ROAD',b'2020-09-12',b'15:00:00',b'0',b'26.4',b'',b'',b'',b'',b'060',b'0',b'',b'',b'',b'',b'996.6',b'1004.2',b'08.45',b'',b'',b'',b'',b'',b'',b'',b'',b'',b'',b'12.5',b'L'
b'338',b'KHAGRACHHARI_HILL',b'DIGHINALA_ROAD',b'2020-09-12',b'16:00:00',b'0',b'26.2',b'',b'',b'',b'',b'359',b'0',b'',b'',b'',b'',b'997.2',b'1004.8',b'08.45',b'',b'',b'',b'',b'',b'',b'',b'',b'',b'',b'12.4',b'L'
b'339',b'KHAGRACHHARI_HILL',b'DIGHINALA_ROAD',b'2020-09-12',b'17:00:00',b'0',b'26.2',b'',b'',b'',b'',b'359',b'0',b'',b'',b'',b'',b'997.1',b'1004.7',b'08.45',b'',b'',b'',b'',b'',b'',b'',b'',b'',b'',b'12.4',b'L'
b'340',b'KHAGRACHHARI_HILL',b'DIGHINALA_ROAD',b'2020-09-12',b'18:00:00',b'0',b'25.9',b'',b'',b'',b'',b'086',b'0',b'',b'',b'',b'',b'996.8',b'1004.4',b'08.45',b'',b'',b'',b'',b'',b'',b'',b'',b'',b'',b'12.4',b'L'
b'341',b'KHAGRACHHARI_HILL',b'DIGHINALA_ROAD',b'2020-09-12',b'19:00:00',b'0',b'25.9',b'',b'',b'',b'',b'057',b'0',b'',b'',b'',b'',b'996.4',b'1004.0',b'08.45',b'',b'',b'',b'',b'',b'',b'',b'',b'',b'',b'12.4',b'L'
b'342',b'KHAGRACHHARI_HILL',b'DIGHINALA_ROAD',b'2020-09-12',b'22:00:00',b'0',b'26.0',b'',b'',b'',b'',b'227',b'0',b'',b'',b'',b'',b'995.8',b'1003.4',b'00.00',b'',b'',b'',b'',b'',b'',b'',b'',b'',b'',b'12.4',b'L'
b'343',b'KHAGRACHHARI_HILL',b'DIGHINALA_ROAD',b'2020-09-12',b'23:00:00',b'0',b'25.9',b'',b'',b'',b'',b'049',b'1',b'',b'',b'',b'',b'996.0',b'1003.6',b'00.00',b'',b'',b'',b'',b'',b'',b'',b'',b'',b'',b'12.4',b'L'
b'344',b'KHAGRACHHARI_HILL',b'DIGHINALA_ROAD',b'2020-09-13',b'00:00:00',b'0',b'25.9',b'',b'',b'',b'',b'359',b'0',b'',b'',b'',b'',b'996.7',b'1004.3',b'00.00',b'',b'',b'',b'',b'',b'',b'',b'',b'',b'',b'12.4',b'L'
b'345',b'KHAGRACHHARI_HILL',b'DIGHINALA_ROAD',b'2020-09-13',b'01:00:00',b'0',b'26.4',b'',b'',b'',b'',b'108',b'1',b'',b'',b'',b'',b'997.3',b'1004.9',b'00.09',b'',b'',b'',b'',b'',b'',b'',b'',b'',b'',b'12.6',b'L'
b'346',b'KHAGRACHHARI_HILL',b'DIGHINALA_ROAD',b'2020-09-13',b'04:00:00',b'0',b'30.1',b'',b'',b'',b'',b'124',b'1',b'',b'',b'',b'',b'998.1',b'1005.6',b'03.09',b'',b'',b'',b'',b'',b'',b'',b'',b'',b'',b'15.1',b'L'
b'347',b'KHAGRACHHARI_HILL',b'DIGHINALA_ROAD',b'2020-09-13',b'05:00:00',b'0',b'28.9',b'',b'',b'',b'',b'215',b'1',b'',b'',b'',b'',b'997.7',b'1005.2',b'04.09',b'',b'',b'',b'',b'',b'',b'',b'',b'',b'',b'14.6',b'L'
b'348',b'KHAGRACHHARI_HILL',b'DIGHINALA_ROAD',b'2020-09-13',b'06:00:00',b'0',b'29.7',b'',b'',b'',b'',b'213',b'5',b'',b'',b'',b'',b'996.9',b'1004.4',b'05.09',b'',b'',b'',b'',b'',b'',b'',b'',b'',b'',b'14.6',b'L'
b'349',b'KHAGRACHHARI_HILL',b'DIGHINALA_ROAD',b'2020-09-13',b'07:00:00',b'0',b'28.4',b'',b'',b'',b'',b'321',b'1',b'',b'',b'',b'',b'996.4',b'1003.9',b'06.09',b'',b'',b'',b'',b'',b'',b'',b'',b'',b'',b'14.2',b'L'
b'350',b'KHAGRACHHARI_HILL',b'DIGHINALA_ROAD',b'2020-09-13',b'08:00:00',b'0',b'28.4',b'',b'',b'',b'',b'051',b'0',b'',b'',b'',b'',b'995.4',b'1002.9',b'07.10',b'',b'',b'',b'',b'',b'',b'',b'',b'',b'',b'14.2',b'L'
b'351',b'KHAGRACHHARI_HILL',b'DIGHINALA_ROAD',b'2020-09-13',b'09:00:00',b'0',b'29.5',b'',b'',b'',b'',b'068',b'0',b'',b'',b'',b'',b'994.6',b'1002.1',b'08.09',b'',b'',b'',b'',b'',b'',b'',b'',b'',b'',b'14.3',b'L'
b'352',b'KHAGRACHHARI_HILL',b'DIGHINALA_ROAD',b'2020-09-13',b'10:00:00',b'0',b'27.6',b'',b'',b'',b'',b'218',b'1',b'',b'',b'',b'',b'995.1',b'1002.6',b'08.52',b'',b'',b'',b'',b'',b'',b'',b'',b'',b'',b'13.7',b'L'
b'353',b'KHAGRACHHARI_HILL',b'DIGHINALA_ROAD',b'2020-09-13',b'11:00:00',b'0',b'26.8',b'',b'',b'',b'',b'117',b'1',b'',b'',b'',b'',b'995.0',b'1002.5',b'08.52',b'',b'',b'',b'',b'',b'',b'',b'',b'',b'',b'12.8',b'L'
b'354',b'KHAGRACHHARI_HILL',b'DIGHINALA_ROAD',b'2020-09-13',b'12:00:00',b'0',b'26.4',b'',b'31.4',b'',b'',b'141',b'1',b'',b'',b'',b'',b'995.6',b'1003.1',b'08.52',b'',b'',b'',b'',b'',b'',b'',b'',b'',b'',b'12.5',b'L'
b'355',b'KHAGRACHHARI_HILL',b'DIGHINALA_ROAD',b'2020-09-13',b'13:00:00',b'0',b'26.4',b'',b'',b'',b'',b'213',b'0',b'',b'',b'',b'',b'996.0',b'1003.5',b'08.52',b'',b'',b'',b'',b'',b'',b'',b'',b'',b'',b'12.5',b'L'
b'356',b'KHAGRACHHARI_HILL',b'DIGHINALA_ROAD',b'2020-09-13',b'14:00:00',b'0',b'26.4',b'',b'',b'',b'',b'230',b'0',b'',b'',b'',b'',b'996.5',b'1004.1',b'08.52',b'',b'',b'',b'',b'',b'',b'',b'',b'',b'',b'12.5',b'L'
b'357',b'KHAGRACHHARI_HILL',b'DIGHINALA_ROAD',b'2020-09-13',b'15:00:00',b'0',b'26.2',b'',b'',b'',b'',b'043',b'0',b'',b'',b'',b'',b'996.8',b'1004.4',b'08.52',b'',b'',b'',b'',b'',b'',b'',b'',b'',b'',b'12.4',b'L'
b'358',b'KHAGRACHHARI_HILL',b'DIGHINALA_ROAD',b'2020-09-13',b'16:00:00',b'0',b'25.8',b'',b'',b'',b'',b'318',b'0',b'',b'',b'',b'',b'997.0',b'1004.6',b'08.52',b'',b'',b'',b'',b'',b'',b'',b'',b'',b'',b'12.4',b'L'
b'359',b'KHAGRACHHARI_HILL',b'DIGHINALA_ROAD',b'2020-09-13',b'17:00:00',b'0',b'25.5',b'',b'',b'',b'',b'359',b'0',b'',b'',b'',b'',b'996.8',b'1004.4',b'08.52',b'',b'',b'',b'',b'',b'',b'',b'',b'',b'',b'12.4',b'L'
b'360',b'KHAGRACHHARI_HILL',b'DIGHINALA_ROAD',b'2020-09-13',b'18:00:00',b'0',b'25.4',b'',b'',b'',b'',b'204',b'0',b'',b'',b'',b'',b'996.2',b'1003.8',b'08.52',b'',b'',b'',b'',b'',b'',b'',b'',b'',b'',b'12.4',b'L'
b'361',b'KHAGRACHHARI_HILL',b'DIGHINALA_ROAD',b'2020-09-13',b'19:00:00',b'0',b'25.4',b'',b'',b'',b'',b'359',b'0',b'',b'',b'',b'',b'995.9',b'1003.5',b'08.52',b'',b'',b'',b'',b'',b'',b'',b'',b'',b'',b'12.4',b'L'
b'362',b'KHAGRACHHARI_HILL',b'DIGHINALA_ROAD',b'2020-09-13',b'20:00:00',b'0',b'25.8',b'',b'',b'',b'',b'112',b'0',b'',b'',b'',b'',b'995.7',b'1003.3',b'08.52',b'',b'',b'',b'',b'',b'',b'',b'',b'',b'',b'12.4',b'L'
b'363',b'KHAGRACHHARI_HILL',b'DIGHINALA_ROAD',b'2020-09-13',b'21:00:00',b'0',b'25.7',b'',b'',b'',b'',b'359',b'0',b'',b'',b'',b'',b'995.5',b'1003.1',b'00.00',b'',b'',b'',b'',b'',b'',b'',b'',b'',b'',b'12.4',b'L'
b'364',b'KHAGRACHHARI_HILL',b'DIGHINALA_ROAD',b'2020-09-13',b'22:00:00',b'0',b'25.6',b'',b'',b'',b'',b'068',b'0',b'',b'',b'',b'',b'995.4',b'1003.0',b'00.00',b'',b'',b'',b'',b'',b'',b'',b'',b'',b'',b'12.4',b'L'
b'365',b'KHAGRACHHARI_HILL',b'DIGHINALA_ROAD',b'2020-09-13',b'23:00:00',b'0',b'25.6',b'',b'',b'',b'',b'100',b'0',b'',b'',b'',b'',b'995.5',b'1003.1',b'00.00',b'',b'',b'',b'',b'',b'',b'',b'',b'',b'',b'12.4',b'L'
b'366',b'KHAGRACHHARI_HILL',b'DIGHINALA_ROAD',b'2020-09-14',b'00:00:00',b'0',b'25.5',b'',b'',b'',b'',b'111',b'0',b'',b'',b'',b'',b'995.5',b'1003.1',b'00.00',b'',b'',b'',b'',b'',b'',b'',b'',b'',b'',b'12.4',b'L'
b'367',b'KHAGRACHHARI_HILL',b'DIGHINALA_ROAD',b'2020-09-14',b'01:00:00',b'0',b'26.1',b'',b'',b'',b'',b'183',b'1',b'',b'',b'',b'',b'995.8',b'1003.4',b'00.21',b'',b'',b'',b'',b'',b'',b'',b'',b'',b'',b'12.7',b'L'
b'368',b'KHAGRACHHARI_HILL',b'DIGHINALA_ROAD',b'2020-09-14',b'03:00:00',b'0',b'28.4',b'25.4',b'',b'',b'',b'233',b'1',b'',b'',b'',b'',b'996.7',b'1004.2',b'02.19',b'',b'',b'',b'',b'',b'',b'',b'',b'',b'',b'14.5',b'L'
b'369',b'KHAGRACHHARI_HILL',b'DIGHINALA_ROAD',b'2020-09-14',b'04:00:00',b'0',b'29.6',b'',b'',b'',b'',b'155',b'1',b'',b'',b'',b'',b'996.9',b'1004.4',b'03.19',b'',b'',b'',b'',b'',b'',b'',b'',b'',b'',b'15.0',b'L'
b'370',b'KHAGRACHHARI_HILL',b'DIGHINALA_ROAD',b'2020-09-14',b'05:00:00',b'0',b'30.8',b'',b'',b'',b'',b'184',b'1',b'',b'',b'',b'',b'996.6',b'1004.0',b'04.19',b'',b'',b'',b'',b'',b'',b'',b'',b'',b'',b'15.2',b'L'
b'371',b'KHAGRACHHARI_HILL',b'DIGHINALA_ROAD',b'2020-09-14',b'06:00:00',b'0',b'31.8',b'',b'',b'',b'',b'202',b'2',b'',b'',b'',b'',b'995.7',b'1003.1',b'05.19',b'',b'',b'',b'',b'',b'',b'',b'',b'',b'',b'15.2',b'L'
b'372',b'KHAGRACHHARI_HILL',b'DIGHINALA_ROAD',b'2020-09-14',b'07:00:00',b'0',b'32.2',b'',b'',b'',b'',b'138',b'1',b'',b'',b'',b'',b'994.4',b'1001.8',b'06.19',b'',b'',b'',b'',b'',b'',b'',b'',b'',b'',b'15.2',b'L'
b'373',b'KHAGRACHHARI_HILL',b'DIGHINALA_ROAD',b'2020-09-14',b'08:00:00',b'0',b'32.7',b'',b'',b'',b'',b'224',b'1',b'',b'',b'',b'',b'993.2',b'1000.6',b'07.19',b'',b'',b'',b'',b'',b'',b'',b'',b'',b'',b'14.8',b'L'
b'374',b'KHAGRACHHARI_HILL',b'DIGHINALA_ROAD',b'2020-09-14',b'09:00:00',b'0',b'28.7',b'',b'',b'',b'',b'054',b'1',b'',b'',b'',b'',b'993.0',b'1000.5',b'08.19',b'',b'',b'',b'',b'',b'',b'',b'',b'',b'',b'14.1',b'L'
b'375',b'KHAGRACHHARI_HILL',b'DIGHINALA_ROAD',b'2020-09-14',b'10:00:00',b'0',b'30.0',b'',b'',b'',b'',b'159',b'1',b'',b'',b'',b'',b'992.6',b'1000.0',b'09.19',b'',b'',b'',b'',b'',b'',b'',b'',b'',b'',b'14.1',b'L'
b'376',b'KHAGRACHHARI_HILL',b'DIGHINALA_ROAD',b'2020-09-14',b'11:00:00',b'0',b'27.8',b'',b'',b'',b'',b'329',b'1',b'',b'',b'',b'',b'993.5',b'1001.0',b'09.38',b'',b'',b'',b'',b'',b'',b'',b'',b'',b'',b'13.1',b'L'
b'377',b'KHAGRACHHARI_HILL',b'DIGHINALA_ROAD',b'2020-09-14',b'12:00:00',b'0',b'26.4',b'',b'32.8',b'',b'',b'122',b'0',b'',b'',b'',b'',b'994.2',b'1001.7',b'09.38',b'',b'',b'',b'',b'',b'',b'',b'',b'',b'',b'12.6',b'L'
b'378',b'KHAGRACHHARI_HILL',b'DIGHINALA_ROAD',b'2020-09-14',b'13:00:00',b'0',b'26.5',b'',b'',b'',b'',b'260',b'0',b'',b'',b'',b'',b'995.1',b'1002.6',b'09.38',b'',b'',b'',b'',b'',b'',b'',b'',b'',b'',b'12.5',b'L'
b'379',b'KHAGRACHHARI_HILL',b'DIGHINALA_ROAD',b'2020-09-14',b'14:00:00',b'0',b'26.1',b'',b'',b'',b'',b'134',b'1',b'',b'',b'',b'',b'995.7',b'1003.3',b'09.38',b'',b'',b'',b'',b'',b'',b'',b'',b'',b'',b'12.5',b'L'
b'380',b'KHAGRACHHARI_HILL',b'DIGHINALA_ROAD',b'2020-09-14',b'15:00:00',b'0',b'26.1',b'',b'',b'',b'',b'136',b'0',b'',b'',b'',b'',b'996.6',b'1004.2',b'09.38',b'',b'',b'',b'',b'',b'',b'',b'',b'',b'',b'12.5',b'L'
b'381',b'KHAGRACHHARI_HILL',b'DIGHINALA_ROAD',b'2020-09-14',b'16:00:00',b'0',b'26.0',b'',b'',b'',b'',b'255',b'0',b'',b'',b'',b'',b'996.6',b'1004.2',b'09.38',b'',b'',b'',b'',b'',b'',b'',b'',b'',b'',b'12.4',b'L'
b'382',b'KHAGRACHHARI_HILL',b'DIGHINALA_ROAD',b'2020-09-14',b'17:00:00',b'0',b'25.7',b'',b'',b'',b'',b'359',b'0',b'',b'',b'',b'',b'996.1',b'1003.7',b'09.38',b'',b'',b'',b'',b'',b'',b'',b'',b'',b'',b'12.4',b'L'
b'383',b'KHAGRACHHARI_HILL',b'DIGHINALA_ROAD',b'2020-09-14',b'18:00:00',b'0',b'25.6',b'',b'',b'',b'',b'130',b'0',b'',b'',b'',b'',b'995.7',b'1003.3',b'09.38',b'',b'',b'',b'',b'',b'',b'',b'',b'',b'',b'12.4',b'L'
b'384',b'KHAGRACHHARI_HILL',b'DIGHINALA_ROAD',b'2020-09-14',b'19:00:00',b'0',b'25.4',b'',b'',b'',b'',b'359',b'0',b'',b'',b'',b'',b'995.6',b'1003.2',b'09.38',b'',b'',b'',b'',b'',b'',b'',b'',b'',b'',b'12.4',b'L'
b'385',b'KHAGRACHHARI_HILL',b'DIGHINALA_ROAD',b'2020-09-14',b'20:00:00',b'0',b'25.3',b'',b'',b'',b'',b'199',b'0',b'',b'',b'',b'',b'994.9',b'1002.5',b'09.38',b'',b'',b'',b'',b'',b'',b'',b'',b'',b'',b'12.4',b'L'
b'386',b'KHAGRACHHARI_HILL',b'DIGHINALA_ROAD',b'2020-09-14',b'21:00:00',b'0',b'25.1',b'',b'',b'',b'',b'082',b'0',b'',b'',b'',b'',b'994.4',b'1002.0',b'00.00',b'',b'',b'',b'',b'',b'',b'',b'',b'',b'',b'12.4',b'L'
b'387',b'KHAGRACHHARI_HILL',b'DIGHINALA_ROAD',b'2020-09-14',b'22:00:00',b'0',b'25.1',b'',b'',b'',b'',b'359',b'0',b'',b'',b'',b'',b'994.3',b'1001.9',b'00.00',b'',b'',b'',b'',b'',b'',b'',b'',b'',b'',b'12.4',b'L'
b'388',b'KHAGRACHHARI_HILL',b'DIGHINALA_ROAD',b'2020-09-14',b'23:00:00',b'0',b'25.0',b'',b'',b'',b'',b'092',b'0',b'',b'',b'',b'',b'994.5',b'1002.1',b'00.00',b'',b'',b'',b'',b'',b'',b'',b'',b'',b'',b'12.3',b'L'
b'389',b'KHAGRACHHARI_HILL',b'DIGHINALA_ROAD',b'2020-09-15',b'00:00:00',b'0',b'24.8',b'',b'',b'',b'',b'359',b'0',b'',b'',b'',b'',b'994.7',b'1002.3',b'00.00',b'',b'',b'',b'',b'',b'',b'',b'',b'',b'',b'12.3',b'L'
b'390',b'KHAGRACHHARI_HILL',b'DIGHINALA_ROAD',b'2020-09-15',b'01:00:00',b'0',b'26.4',b'',b'',b'',b'',b'193',b'0',b'',b'',b'',b'',b'995.6',b'1003.1',b'00.22',b'',b'',b'',b'',b'',b'',b'',b'',b'',b'',b'12.9',b'L'
b'391',b'KHAGRACHHARI_HILL',b'DIGHINALA_ROAD',b'2020-09-15',b'02:00:00',b'0',b'27.5',b'',b'',b'',b'',b'104',b'2',b'',b'',b'',b'',b'996.4',b'1003.9',b'01.18',b'',b'',b'',b'',b'',b'',b'',b'',b'',b'',b'14.6',b'L'
b'392',b'KHAGRACHHARI_HILL',b'DIGHINALA_ROAD',b'2020-09-15',b'03:00:00',b'0',b'28.8',b'24.8',b'',b'',b'',b'168',b'1',b'',b'',b'',b'',b'996.9',b'1004.4',b'02.18',b'',b'',b'',b'',b'',b'',b'',b'',b'',b'',b'14.7',b'L'
b'393',b'KHAGRACHHARI_HILL',b'DIGHINALA_ROAD',b'2020-09-15',b'04:00:00',b'0',b'30.6',b'',b'',b'',b'',b'160',b'2',b'',b'',b'',b'',b'996.8',b'1004.2',b'03.18',b'',b'',b'',b'',b'',b'',b'',b'',b'',b'',b'15.2',b'L'
b'394',b'KHAGRACHHARI_HILL',b'DIGHINALA_ROAD',b'2020-09-15',b'05:00:00',b'0',b'29.1',b'',b'',b'',b'',b'218',b'1',b'',b'',b'',b'',b'996.4',b'1003.9',b'04.18',b'',b'',b'',b'',b'',b'',b'',b'',b'',b'',b'14.7',b'L'
b'395',b'KHAGRACHHARI_HILL',b'DIGHINALA_ROAD',b'2020-09-15',b'06:00:00',b'0',b'28.8',b'',b'',b'',b'',b'239',b'3',b'',b'',b'',b'',b'996.2',b'1003.7',b'05.16',b'',b'',b'',b'',b'',b'',b'',b'',b'',b'',b'14.2',b'L'
b'396',b'KHAGRACHHARI_HILL',b'DIGHINALA_ROAD',b'2020-09-15',b'08:00:00',b'0',b'26.1',b'',b'',b'',b'',b'116',b'1',b'',b'',b'',b'',b'993.8',b'1001.3',b'05.24',b'',b'',b'',b'',b'',b'',b'',b'',b'',b'',b'12.6',b'L'
b'397',b'KHAGRACHHARI_HILL',b'DIGHINALA_ROAD',b'2020-09-15',b'09:00:00',b'0',b'26.3',b'',b'',b'',b'',b'177',b'0',b'',b'',b'',b'',b'993.9',b'1001.4',b'05.55',b'',b'',b'',b'',b'',b'',b'',b'',b'',b'',b'13.1',b'L'
b'398',b'KHAGRACHHARI_HILL',b'DIGHINALA_ROAD',b'2020-09-15',b'10:00:00',b'0',b'26.7',b'',b'',b'',b'',b'104',b'0',b'',b'',b'',b'',b'993.3',b'1000.8',b'06.55',b'',b'',b'',b'',b'',b'',b'',b'',b'',b'',b'13.4',b'L'
b'399',b'KHAGRACHHARI_HILL',b'DIGHINALA_ROAD',b'2020-09-15',b'11:00:00',b'0',b'26.9',b'',b'',b'',b'',b'153',b'0',b'',b'',b'',b'',b'993.7',b'1001.2',b'07.17',b'',b'',b'',b'',b'',b'',b'',b'',b'',b'',b'13.0',b'L'
b'400',b'KHAGRACHHARI_HILL',b'DIGHINALA_ROAD',b'2020-09-15',b'12:00:00',b'0',b'26.6',b'',b'30.7',b'',b'',b'359',b'0',b'',b'',b'',b'',b'993.4',b'1000.9',b'07.17',b'',b'',b'',b'',b'',b'',b'',b'',b'',b'',b'12.6',b'L'
b'401',b'KHAGRACHHARI_HILL',b'DIGHINALA_ROAD',b'2020-09-15',b'13:00:00',b'0',b'26.6',b'',b'',b'',b'',b'114',b'1',b'',b'',b'',b'',b'994.0',b'1001.5',b'07.17',b'',b'',b'',b'',b'',b'',b'',b'',b'',b'',b'12.4',b'L'
b'402',b'KHAGRACHHARI_HILL',b'DIGHINALA_ROAD',b'2020-09-15',b'14:00:00',b'0',b'26.2',b'',b'',b'',b'',b'291',b'0',b'',b'',b'',b'',b'994.7',b'1002.2',b'07.17',b'',b'',b'',b'',b'',b'',b'',b'',b'',b'',b'12.4',b'L'
b'403',b'KHAGRACHHARI_HILL',b'DIGHINALA_ROAD',b'2020-09-15',b'15:00:00',b'0',b'26.0',b'',b'',b'',b'',b'359',b'0',b'',b'',b'',b'',b'995.9',b'1003.5',b'07.17',b'',b'',b'',b'',b'',b'',b'',b'',b'',b'',b'12.4',b'L'
b'404',b'KHAGRACHHARI_HILL',b'DIGHINALA_ROAD',b'2020-09-15',b'16:00:00',b'0',b'26.1',b'',b'',b'',b'',b'122',b'1',b'',b'',b'',b'',b'996.4',b'1004.0',b'07.17',b'',b'',b'',b'',b'',b'',b'',b'',b'',b'',b'12.4',b'L'
b'405',b'KHAGRACHHARI_HILL',b'DIGHINALA_ROAD',b'2020-09-15',b'17:00:00',b'0',b'25.9',b'',b'',b'',b'',b'359',b'0',b'',b'',b'',b'',b'996.0',b'1003.6',b'07.17',b'',b'',b'',b'',b'',b'',b'',b'',b'',b'',b'12.4',b'L'
b'406',b'KHAGRACHHARI_HILL',b'DIGHINALA_ROAD',b'2020-09-15',b'18:00:00',b'0',b'25.7',b'',b'',b'',b'',b'154',b'0',b'',b'',b'',b'',b'996.1',b'1003.7',b'07.17',b'',b'',b'',b'',b'',b'',b'',b'',b'',b'',b'12.4',b'L'
b'407',b'KHAGRACHHARI_HILL',b'DIGHINALA_ROAD',b'2020-09-15',b'19:00:00',b'0',b'25.7',b'',b'',b'',b'',b'163',b'0',b'',b'',b'',b'',b'995.6',b'1003.2',b'07.17',b'',b'',b'',b'',b'',b'',b'',b'',b'',b'',b'12.4',b'L'
b'408',b'KHAGRACHHARI_HILL',b'DIGHINALA_ROAD',b'2020-09-15',b'20:00:00',b'0',b'25.8',b'',b'',b'',b'',b'125',b'0',b'',b'',b'',b'',b'995.3',b'1002.9',b'07.17',b'',b'',b'',b'',b'',b'',b'',b'',b'',b'',b'12.4',b'L'
b'409',b'KHAGRACHHARI_HILL',b'DIGHINALA_ROAD',b'2020-09-15',b'21:00:00',b'0',b'25.7',b'',b'',b'',b'',b'198',b'0',b'',b'',b'',b'',b'994.7',b'1002.3',b'00.00',b'',b'',b'',b'',b'',b'',b'',b'',b'',b'',b'12.4',b'L'
b'410',b'KHAGRACHHARI_HILL',b'DIGHINALA_ROAD',b'2020-09-15',b'22:00:00',b'0',b'25.4',b'',b'',b'',b'',b'124',b'1',b'',b'',b'',b'',b'994.7',b'1002.3',b'00.00',b'',b'',b'',b'',b'',b'',b'',b'',b'',b'',b'12.4',b'L'
b'411',b'KHAGRACHHARI_HILL',b'DIGHINALA_ROAD',b'2020-09-15',b'23:00:00',b'0',b'25.0',b'',b'',b'',b'',b'170',b'1',b'',b'',b'',b'',b'994.8',b'1002.4',b'00.00',b'',b'',b'',b'',b'',b'',b'',b'',b'',b'',b'12.3',b'L'
b'412',b'KHAGRACHHARI_HILL',b'DIGHINALA_ROAD',b'2020-09-16',b'00:00:00',b'0',b'24.8',b'',b'',b'',b'',b'195',b'0',b'',b'',b'',b'',b'995.0',b'1002.6',b'00.00',b'',b'',b'',b'',b'',b'',b'',b'',b'',b'',b'12.3',b'L'
b'413',b'KHAGRACHHARI_HILL',b'DIGHINALA_ROAD',b'2020-09-16',b'01:00:00',b'0',b'25.7',b'',b'',b'',b'',b'198',b'1',b'',b'',b'',b'',b'995.6',b'1003.2',b'00.39',b'',b'',b'',b'',b'',b'',b'',b'',b'',b'',b'12.9',b'L'
b'414',b'KHAGRACHHARI_HILL',b'DIGHINALA_ROAD',b'2020-09-16',b'02:00:00',b'0',b'27.3',b'',b'',b'',b'',b'238',b'1',b'',b'',b'',b'',b'996.3',b'1003.8',b'01.40',b'',b'',b'',b'',b'',b'',b'',b'',b'',b'',b'14.4',b'L'
b'415',b'KHAGRACHHARI_HILL',b'DIGHINALA_ROAD',b'2020-09-16',b'03:00:00',b'0',b'27.5',b'24.8',b'',b'',b'',b'214',b'1',b'',b'',b'',b'',b'996.9',b'1004.4',b'02.39',b'',b'',b'',b'',b'',b'',b'',b'',b'',b'',b'14.2',b'L'
b'416',b'KHAGRACHHARI_HILL',b'DIGHINALA_ROAD',b'2020-09-16',b'04:00:00',b'0',b'28.1',b'',b'',b'',b'',b'195',b'1',b'',b'',b'',b'',b'997.1',b'1004.6',b'03.39',b'',b'',b'',b'',b'',b'',b'',b'',b'',b'',b'14.3',b'L'
b'417',b'KHAGRACHHARI_HILL',b'DIGHINALA_ROAD',b'2020-09-16',b'05:00:00',b'0',b'28.7',b'',b'',b'',b'',b'221',b'1',b'',b'',b'',b'',b'996.7',b'1004.2',b'04.39',b'',b'',b'',b'',b'',b'',b'',b'',b'',b'',b'14.4',b'L'
b'418',b'KHAGRACHHARI_HILL',b'DIGHINALA_ROAD',b'2020-09-16',b'06:00:00',b'0',b'29.8',b'',b'',b'',b'',b'175',b'1',b'',b'',b'',b'',b'996.0',b'1003.5',b'05.39',b'',b'',b'',b'',b'',b'',b'',b'',b'',b'',b'15.1',b'L'
b'419',b'KHAGRACHHARI_HILL',b'DIGHINALA_ROAD',b'2020-09-16',b'07:00:00',b'0',b'30.7',b'',b'',b'',b'',b'181',b'2',b'',b'',b'',b'',b'994.5',b'1001.9',b'06.39',b'',b'',b'',b'',b'',b'',b'',b'',b'',b'',b'15.2',b'L'
b'420',b'KHAGRACHHARI_HILL',b'DIGHINALA_ROAD',b'2020-09-16',b'08:00:00',b'0',b'30.6',b'',b'',b'',b'',b'165',b'1',b'',b'',b'',b'',b'993.6',b'1001.0',b'07.39',b'',b'',b'',b'',b'',b'',b'',b'',b'',b'',b'14.9',b'L'
b'421',b'KHAGRACHHARI_HILL',b'DIGHINALA_ROAD',b'2020-09-16',b'09:00:00',b'0',b'31.3',b'',b'',b'',b'',b'195',b'1',b'',b'',b'',b'',b'992.9',b'1000.3',b'08.39',b'',b'',b'',b'',b'',b'',b'',b'',b'',b'',b'15.0',b'L'
b'422',b'KHAGRACHHARI_HILL',b'DIGHINALA_ROAD',b'2020-09-16',b'10:00:00',b'0',b'30.8',b'',b'',b'',b'',b'201',b'1',b'',b'',b'',b'',b'992.0',b'999.4',b'09.38',b'',b'',b'',b'',b'',b'',b'',b'',b'',b'',b'14.4',b'L'
b'423',b'KHAGRACHHARI_HILL',b'DIGHINALA_ROAD',b'2020-09-16',b'11:00:00',b'0',b'30.2',b'',b'',b'',b'',b'227',b'1',b'',b'',b'',b'',b'992.1',b'999.5',b'10.29',b'',b'',b'',b'',b'',b'',b'',b'',b'',b'',b'13.8',b'L'
b'424',b'KHAGRACHHARI_HILL',b'DIGHINALA_ROAD',b'2020-09-16',b'12:00:00',b'0',b'28.8',b'',b'31.6',b'',b'',b'260',b'0',b'',b'',b'',b'',b'992.8',b'1000.3',b'10.29',b'',b'',b'',b'',b'',b'',b'',b'',b'',b'',b'13.0',b'L'
b'425',b'KHAGRACHHARI_HILL',b'DIGHINALA_ROAD',b'2020-09-17',b'12:00:00',b'0',b'28.8',b'',b'',b'',b'',b'260',b'0',b'',b'',b'',b'',b'992.8',b'1000.3',b'10.29',b'',b'',b'',b'',b'',b'',b'',b'',b'',b'',b'13.0',b'L'
b'426',b'KHAGRACHHARI_HILL',b'DIGHINALA_ROAD',b'2020-09-18',b'12:00:00',b'0',b'28.8',b'',b'',b'',b'',b'260',b'0',b'',b'',b'',b'',b'992.8',b'1000.3',b'10.29',b'',b'',b'',b'',b'',b'',b'',b'',b'',b'',b'13.0',b'L'
b'427',b'KHAGRACHHARI_HILL',b'DIGHINALA_ROAD',b'2020-09-19',b'12:00:00',b'0',b'28.8',b'',b'',b'',b'',b'260',b'0',b'',b'',b'',b'',b'992.8',b'1000.3',b'10.29',b'',b'',b'',b'',b'',b'',b'',b'',b'',b'',b'13.0',b'L'
b'428',b'KHAGRACHHARI_HILL',b'DIGHINALA_ROAD',b'2020-09-20',b'12:00:00',b'0',b'28.8',b'',b'',b'',b'',b'260',b'0',b'',b'',b'',b'',b'992.8',b'1000.3',b'10.29',b'',b'',b'',b'',b'',b'',b'',b'',b'',b'',b'13.0',b'L'
b'429',b'KHAGRACHHARI_HILL',b'DIGHINALA_ROAD',b'2020-09-21',b'12:00:00',b'0',b'28.8',b'',b'',b'',b'',b'260',b'0',b'',b'',b'',b'',b'992.8',b'1000.3',b'10.29',b'',b'',b'',b'',b'',b'',b'',b'',b'',b'',b'13.0',b'L'
b'430',b'KHAGRACHHARI_HILL',b'DIGHINALA_ROAD',b'2020-09-22',b'12:00:00',b'0',b'28.8',b'',b'',b'',b'',b'260',b'0',b'',b'',b'',b'',b'992.8',b'1000.3',b'10.29',b'',b'',b'',b'',b'',b'',b'',b'',b'',b'',b'13.0',b'L'
b'431',b'KHAGRACHHARI_HILL',b'DIGHINALA_ROAD',b'2020-09-23',b'12:00:00',b'0',b'28.8',b'',b'',b'',b'',b'260',b'0',b'',b'',b'',b'',b'992.8',b'1000.3',b'10.29',b'',b'',b'',b'',b'',b'',b'',b'',b'',b'',b'13.0',b'L'
b'432',b'KHAGRACHHARI_HILL',b'DIGHINALA_ROAD',b'2020-09-24',b'12:00:00',b'0',b'28.8',b'',b'',b'',b'',b'260',b'0',b'',b'',b'',b'',b'992.8',b'1000.3',b'10.29',b'',b'',b'',b'',b'',b'',b'',b'',b'',b'',b'13.0',b'L'
b'433',b'KHAGRACHHARI_HILL',b'DIGHINALA_ROAD',b'2020-09-25',b'12:00:00',b'0',b'28.8',b'',b'',b'',b'',b'260',b'0',b'',b'',b'',b'',b'992.8',b'1000.3',b'10.29',b'',b'',b'',b'',b'',b'',b'',b'',b'',b'',b'13.0',b'L'
b'434',b'KHAGRACHHARI_HILL',b'DIGHINALA_ROAD',b'2020-09-26',b'12:00:00',b'0',b'28.8',b'',b'',b'',b'',b'260',b'0',b'',b'',b'',b'',b'992.8',b'1000.3',b'10.29',b'',b'',b'',b'',b'',b'',b'',b'',b'',b'',b'13.0',b'L'
b'435',b'KHAGRACHHARI_HILL',b'DIGHINALA_ROAD',b'2020-09-27',b'12:00:00',b'0',b'28.8',b'',b'',b'',b'',b'260',b'0',b'',b'',b'',b'',b'992.8',b'1000.3',b'10.29',b'',b'',b'',b'',b'',b'',b'',b'',b'',b'',b'13.0',b'L'
b'436',b'KHAGRACHHARI_HILL',b'DIGHINALA_ROAD',b'2020-09-28',b'12:00:00',b'0',b'28.8',b'',b'',b'',b'',b'260',b'0',b'',b'',b'',b'',b'992.8',b'1000.3',b'10.29',b'',b'',b'',b'',b'',b'',b'',b'',b'',b'',b'13.0',b'L'
b'437',b'KHAGRACHHARI_HILL',b'DIGHINALA_ROAD',b'2020-09-29',b'12:00:00',b'0',b'28.8',b'',b'',b'',b'',b'260',b'0',b'',b'',b'',b'',b'992.8',b'1000.3',b'10.29',b'',b'',b'',b'',b'',b'',b'',b'',b'',b'',b'13.0',b'L'
b'438',b'KHAGRACHHARI_HILL',b'DIGHINALA_ROAD',b'2020-09-30',b'12:00:00',b'0',b'28.8',b'',b'',b'',b'',b'260',b'0',b'',b'',b'',b'',b'992.8',b'1000.3',b'10.29',b'',b'',b'',b'',b'',b'',b'',b'',b'',b'',b'13.0',b'L'
b'439',b'KISHOREGANJ',b'GAITAL',b'2020-09-09',b'11:00:00',b'0',b'29.6',b'',b'',b'',b'',b'209',b'1',b'',b'',b'',b'',b'1003.4',b'1004.4',b'06.18',b'',b'',b'',b'',b'',b'',b'',b'',b'',b'',b'13.4',b'L'
